user_id,high_score,quiz_id
178,0.00,44
178,9.00,49
178,8.00,58
178,0.00,61
178,12.50,63
178,0.00,65
178,9.50,67
178,7.00,71
178,8.00,76
178,10.00,79
178,9.00,80
178,10.00,84
178,1.00,86
178,14.00,92
178,0.00,94
178,0.00,96
178,0.00,100
178,38.00,101
178,30.00,105
178,10.00,108
178,10.00,110
178,8.00,113
178,8.00,115
178,31.33,117
178,10.00,121
178,31.77,125
178,13.00,127
178,12.00,129
178,22.00,141
178,31.00,143
178,8.00,147
178,3.00,149
178,5.00,153
178,7.00,154
178,4.00,158
178,5.00,161
178,10.00,163
178,18.00,164
178,8.00,166
178,13.00,168
178,50.00,172
178,15.00,173
178,51.11,176
179,9.00,44
179,9.00,49
179,8.00,58
179,2.00,61
179,13.00,63
179,1.00,65
179,9.00,67
179,12.00,71
179,9.00,76
179,10.00,79
179,7.00,80
179,5.00,84
179,0.00,86
179,11.00,92
179,9.29,94
179,0.00,96
179,0.00,100
179,37.00,101
179,30.00,105
179,0.00,110
179,7.00,113
179,20.79,117
179,26.92,125
179,13.00,127
179,12.00,129
179,17.00,130
179,11.00,134
179,17.00,137
179,8.00,147
179,4.00,149
179,5.00,153
179,6.00,154
179,2.00,158
179,7.00,161
179,11.00,163
179,13.00,164
179,8.00,166
179,7.00,168
179,33.00,172
179,0.00,174
179,31.89,176
180,0.00,44
180,9.00,49
180,3.00,58
180,0.00,61
180,13.00,63
180,8.00,67
180,14.00,71
180,6.00,76
180,10.00,79
180,8.00,80
180,8.00,84
180,13.00,92
180,2.64,94
180,0.00,96
180,36.00,101
180,18.00,105
180,6.00,113
180,30.30,117
180,7.00,119
180,23.67,125
180,13.00,127
180,12.00,129
180,18.00,134
180,25.00,137
180,6.00,149
180,4.00,153
180,7.00,154
180,5.00,158
180,3.00,161
180,12.00,163
180,14.00,164
180,8.00,166
180,8.00,168
180,41.00,172
180,0.00,174
180,35.72,176
181,8.00,44
181,7.50,49
181,6.00,58
181,3.00,61
181,9.00,63
181,10.00,65
181,8.00,67
181,9.00,71
181,7.00,76
181,10.00,79
181,7.00,80
181,7.00,84
181,0.00,86
181,0.00,87
181,10.00,92
181,10.00,94
181,10.00,96
181,0.00,100
181,31.00,101
181,27.00,105
181,10.00,108
181,10.00,110
181,8.00,113
181,9.00,115
181,33.26,117
181,10.00,119
181,10.00,121
181,0.00,124
181,26.46,125
181,12.00,127
181,11.00,129
181,5.00,134
181,10.00,137
181,0.00,140
181,0.00,145
181,7.00,147
181,4.00,149
181,0.00,150
181,5.00,153
181,5.00,154
181,4.00,158
181,6.00,161
181,12.00,163
181,17.00,164
181,8.00,166
181,10.00,168
181,35.00,172
181,19.00,173
181,0.00,174
181,37.69,176
183,0.00,44
183,8.00,49
183,6.00,58
183,0.00,61
183,8.50,63
183,0.00,65
183,8.50,67
183,10.00,71
183,9.00,76
183,10.00,79
183,8.00,80
183,9.00,84
183,1.00,86
183,0.00,87
183,11.00,92
183,10.00,94
183,7.14,96
183,35.50,101
183,30.00,105
183,8.89,108
183,0.00,110
183,8.00,113
183,9.00,115
183,25.59,117
183,0.00,121
183,24.19,125
183,13.00,127
183,11.00,129
183,9.00,134
183,16.00,137
183,5.00,147
183,4.00,149
183,0.00,150
183,4.00,153
183,6.00,154
183,1.00,158
183,5.00,161
183,8.00,163
183,14.00,164
183,11.00,168
183,26.00,172
183,16.00,173
183,0.00,174
183,39.75,176
201,0.00,44
201,8.00,49
201,5.00,58
201,0.00,61
201,11.50,63
201,0.00,65
201,9.00,67
201,11.00,71
201,9.00,76
201,7.00,79
201,5.00,80
201,3.00,84
201,1.00,86
201,9.00,92
201,0.00,94
201,0.00,96
201,0.00,100
201,25.00,101
201,27.00,105
201,5.00,108
201,0.00,110
201,8.00,113
201,9.00,115
201,26.84,117
201,0.00,121
201,28.66,125
201,13.00,127
201,10.00,129
201,0.00,134
201,10.00,137
201,9.00,147
201,4.00,153
201,7.00,154
201,4.00,158
201,5.00,161
201,8.00,163
201,7.00,164
201,10.00,166
201,9.00,168
201,26.00,172
201,7.00,173
201,0.00,174
201,38.70,176
205,0.00,44
205,8.50,49
205,8.00,58
205,0.00,61
205,11.50,63
205,8.50,67
205,8.00,71
205,7.00,76
205,10.00,79
205,7.00,80
205,9.00,84
205,1.00,86
205,13.00,92
205,10.00,94
205,10.00,96
205,10.00,100
205,24.50,101
205,30.00,105
205,10.00,108
205,10.00,110
205,8.00,113
205,10.00,115
205,24.85,117
205,10.00,119
205,10.00,121
205,0.00,124
205,27.95,125
205,13.00,127
205,11.00,129
205,23.00,130
205,17.00,134
205,15.00,137
205,0.00,140
205,0.00,145
205,9.00,147
205,6.00,149
205,0.00,150
205,5.00,153
205,7.00,154
205,5.00,158
205,4.00,161
205,10.00,163
205,12.00,164
205,9.00,166
205,16.00,168
205,35.00,172
205,13.00,173
205,0.00,174
205,39.28,176
223,0.00,44
223,9.00,49
223,10.00,56
223,0.00,60
223,13.00,62
223,0.00,64
223,9.50,66
223,12.00,74
223,10.00,77
223,5.00,78
223,7.00,82
223,0.00,85
223,16.00,90
223,0.00,93
223,0.00,95
223,38.50,97
223,10.00,99
223,25.00,106
223,10.00,107
223,0.00,109
223,31.92,111
223,8.00,112
223,9.00,114
223,8.00,118
223,10.00,120
223,32.53,122
223,13.00,126
223,12.00,128
223,37.00,132
223,15.00,135
223,11.00,146
223,6.00,148
223,5.00,151
223,5.00,152
223,5.00,157
223,6.00,160
223,12.00,162
223,9.00,165
223,29.00,167
223,48.00,169
230,3.00,44
230,8.00,49
230,0.00,61
230,12.00,63
230,1.00,65
230,7.00,67
230,11.00,71
230,7.00,76
230,10.00,79
230,8.00,80
230,7.00,84
230,0.00,86
230,6.14,92
230,0.00,94
230,0.00,96
230,0.00,100
230,32.50,101
230,0.00,105
230,8.00,113
230,7.00,115
230,21.43,117
230,21.42,125
230,13.00,127
230,9.00,129
230,10.00,134
230,25.00,137
230,5.00,147
230,4.00,149
230,3.00,153
230,5.00,154
230,3.00,158
230,2.00,161
230,9.00,163
230,13.00,164
230,5.00,166
230,41.00,172
230,14.00,173
230,46.35,176
236,0.00,44
236,9.00,49
236,9.00,56
236,0.00,60
236,13.00,62
236,0.00,64
236,9.50,66
236,7.00,69
236,12.00,74
236,8.00,77
236,5.00,78
236,5.00,82
236,9.34,90
236,10.00,93
236,10.00,95
236,35.00,97
236,24.00,106
236,10.00,107
236,20.44,111
236,8.00,112
236,4.00,114
236,12.00,126
236,10.00,128
236,9.00,132
236,21.00,135
236,0.00,139
236,0.00,144
236,8.00,146
236,3.00,148
236,6.00,157
236,0.00,159
236,5.00,160
236,8.00,162
236,8.00,165
236,20.00,167
236,38.00,169
237,0.00,44
237,8.00,49
268,0.00,44
268,9.00,49
268,5.00,58
268,0.00,61
268,7.50,63
268,0.00,65
268,9.50,67
268,9.00,76
268,10.00,79
268,7.00,80
268,8.00,84
268,13.00,92
268,0.00,94
268,0.00,96
268,26.00,101
268,7.00,113
268,7.00,115
268,26.43,117
268,6.00,119
268,25.64,125
268,12.00,127
268,22.00,134
268,19.00,137
268,2.00,153
268,4.00,154
268,3.00,158
268,11.00,163
268,12.00,164
268,30.00,172
268,0.00,174
268,35.94,176
269,0.00,44
269,8.50,49
269,9.00,58
269,13.00,63
269,9.50,67
269,11.00,71
269,8.00,76
269,10.00,79
269,8.00,80
269,9.00,84
269,14.00,92
269,0.00,94
269,0.00,96
269,36.00,101
269,27.00,105
269,6.00,113
269,8.00,115
269,17.32,117
269,7.00,119
269,10.00,121
269,29.68,125
269,12.00,127
269,12.00,129
269,27.00,130
269,28.00,134
269,19.00,137
269,8.00,147
269,4.00,149
269,0.00,150
269,3.00,153
269,6.00,154
269,1.00,158
269,3.00,161
269,11.00,163
269,14.00,164
269,10.00,166
269,7.00,168
269,46.00,172
269,17.00,173
269,0.00,174
269,50.00,176
271,0.00,44
271,7.50,49
271,10.00,58
271,0.00,61
271,11.00,63
271,9.50,67
271,12.00,71
271,4.00,76
271,10.00,79
271,8.00,80
271,10.00,84
271,0.00,86
271,16.00,92
271,10.00,94
271,9.52,96
271,0.00,100
271,29.50,101
271,10.00,108
271,10.00,110
271,8.00,113
271,9.00,115
271,26.89,117
271,6.00,119
271,10.00,121
271,13.00,127
271,12.00,129
271,19.00,134
271,22.00,137
271,6.00,149
271,5.00,153
271,7.00,154
271,0.00,158
271,3.00,161
271,8.00,163
271,14.00,164
271,7.00,166
271,7.00,168
271,33.00,172
271,0.00,174
271,40.53,176
274,0.00,44
274,8.50,49
274,4.50,63
274,9.00,67
274,10.00,71
274,6.00,76
274,9.00,79
274,7.00,80
274,7.00,84
274,1.00,86
274,10.34,92
274,29.50,101
274,0.00,110
274,8.00,113
274,7.00,115
274,23.38,117
274,23.32,125
274,13.00,127
274,16.00,134
274,15.00,137
274,8.00,147
274,5.00,153
274,5.00,154
274,4.00,161
274,10.00,163
274,11.00,164
274,13.00,172
274,15.00,173
274,32.38,176
281,0.00,44
281,9.00,49
281,7.00,58
281,0.00,61
281,13.00,63
281,0.00,65
281,8.00,67
281,10.00,71
281,9.00,76
281,10.00,79
281,7.00,80
281,9.00,84
281,0.00,86
281,0.00,87
281,16.00,92
281,10.00,94
281,10.00,96
281,0.00,100
281,35.00,101
281,28.00,105
281,10.00,108
281,10.00,110
281,8.00,113
281,8.00,115
281,29.61,117
281,9.00,119
281,10.00,121
281,30.05,125
281,13.00,127
281,11.00,129
281,23.00,134
281,25.00,137
281,8.00,147
281,6.00,149
281,5.00,153
281,7.00,154
281,7.00,158
281,2.00,161
281,11.00,163
281,18.00,164
281,9.00,166
281,14.00,168
281,37.00,172
281,19.00,173
281,0.00,174
281,46.59,176
337,0.00,44
337,9.00,49
337,7.00,55
337,0.00,60
337,13.00,62
337,0.00,64
337,10.00,66
337,12.00,68
337,13.00,73
337,10.00,77
337,6.00,78
337,6.00,81
337,8.34,89
337,1.93,93
337,0.00,95
337,35.50,102
337,8.00,112
337,7.00,114
337,27.38,116
337,26.35,122
337,13.00,126
337,9.00,128
337,29.00,131
337,21.00,136
337,9.00,146
337,7.00,148
337,7.00,152
337,6.00,157
337,4.00,160
337,10.00,162
337,10.00,165
337,29.00,167
337,44.00,170
342,0.00,44
342,4.00,49
342,6.00,58
342,0.00,61
342,11.50,63
342,0.00,65
342,8.50,67
342,9.00,76
342,7.00,79
342,5.00,80
342,4.00,84
342,0.00,86
342,10.00,94
342,5.24,96
342,0.00,100
342,32.50,101
342,7.50,108
342,0.00,110
342,8.00,113
342,8.00,115
342,24.16,117
342,8.00,119
342,0.00,121
342,0.00,124
342,26.80,125
342,12.00,127
342,8.00,129
342,36.00,134
342,12.00,137
342,0.00,140
342,0.00,145
342,5.00,149
342,0.00,150
342,5.00,153
342,7.00,154
342,3.00,158
342,3.00,161
342,10.00,163
342,15.00,164
342,0.00,174
342,54.53,176
342,34.00,177
343,0.00,44
343,8.50,49
343,10.00,57
343,0.00,60
343,10.50,62
343,9.00,66
343,14.00,70
343,9.00,75
343,10.00,77
343,7.00,78
343,8.00,83
343,10.00,85
343,16.00,91
343,10.00,93
343,0.00,95
343,39.00,97
343,0.00,99
343,10.00,107
343,0.00,109
343,35.76,111
343,8.00,112
343,6.00,114
343,10.00,118
343,10.00,120
343,34.66,122
343,13.00,126
343,11.00,128
343,35.00,133
343,20.00,138
343,8.00,146
343,5.00,148
343,5.00,151
343,7.00,152
343,4.00,157
343,5.00,160
343,8.00,162
343,6.00,165
343,27.00,167
343,43.00,171
344,0.00,44
344,9.00,49
344,10.00,57
344,0.00,60
344,13.00,62
344,0.00,64
344,8.50,66
344,12.00,70
344,13.00,75
344,10.00,77
344,5.00,78
344,6.00,83
344,0.00,85
344,8.34,91
344,10.00,93
344,10.00,95
344,37.00,97
344,0.00,99
344,30.00,106
344,10.00,107
344,10.00,109
344,16.42,111
344,8.00,112
344,10.00,118
344,10.00,120
344,28.82,122
344,13.00,126
344,9.00,128
344,12.00,133
344,19.00,138
344,10.00,146
344,7.00,148
344,5.00,151
344,7.00,152
344,3.00,157
344,4.00,160
344,9.00,162
344,27.00,171
345,0.00,44
345,8.50,49
345,7.00,57
345,0.00,60
345,12.00,62
345,0.00,64
345,9.50,66
345,11.00,70
345,7.00,75
345,10.00,77
345,8.00,78
345,7.00,83
345,10.00,85
345,12.34,91
345,0.00,93
345,0.00,95
345,39.00,97
345,10.00,99
345,28.00,106
345,0.00,107
345,0.00,109
345,38.24,111
345,8.00,112
345,9.00,114
345,10.00,118
345,10.00,120
345,13.00,126
345,10.00,128
345,28.00,133
345,25.00,138
345,10.00,146
345,5.00,148
345,5.00,151
345,7.00,152
345,7.00,157
345,5.00,160
345,10.00,162
345,8.00,165
345,33.00,167
345,48.00,171
346,0.00,44
346,8.00,49
346,9.00,55
346,0.00,60
346,13.00,62
346,0.00,64
346,9.50,66
346,12.00,68
346,8.00,73
346,10.00,77
346,8.00,78
346,5.00,81
346,10.00,85
346,10.00,89
346,10.00,93
346,10.00,95
346,10.00,99
346,38.50,102
346,28.00,106
346,10.00,107
346,10.00,109
346,8.00,112
346,9.00,114
346,33.39,116
346,8.00,118
346,10.00,120
346,13.00,126
346,12.00,128
346,35.00,131
346,21.00,136
346,9.00,146
346,6.00,148
346,5.00,151
346,7.00,152
346,7.00,157
346,0.00,159
346,6.00,160
346,11.00,162
346,7.00,165
346,7.00,167
346,30.00,170
347,0.00,44
347,8.50,49
347,10.00,56
347,0.00,60
347,11.00,62
347,0.00,64
347,10.00,66
347,12.00,69
347,13.00,74
347,10.00,77
347,8.00,78
347,8.00,82
347,0.00,85
347,11.00,90
347,10.00,93
347,10.00,95
347,32.50,97
347,0.00,99
347,30.00,106
347,10.00,107
347,10.00,109
347,35.04,111
347,8.00,112
347,11.00,118
347,10.00,120
347,13.00,126
347,9.00,128
347,11.00,132
347,16.00,135
347,9.00,146
347,5.00,148
347,4.00,151
347,5.00,152
347,6.00,157
347,2.00,160
347,5.00,162
347,5.00,165
347,49.00,169
348,9.00,44
348,3.00,49
348,10.00,55
348,2.00,60
348,4.00,64
348,11.00,68
348,11.00,73
348,10.00,77
348,6.43,93
348,7.62,95
348,30.50,97
348,0.00,99
348,12.96,111
348,8.00,112
348,8.00,114
348,10.00,126
348,11.00,128
348,7.00,133
348,15.00,138
348,6.00,146
348,1.00,162
348,6.00,165
348,29.00,171
349,9.00,58
349,10.00,71
349,9.00,76
349,8.00,79
349,0.00,94
349,0.00,96
349,23.00,101
349,7.00,113
349,8.93,117
349,0.00,134
349,14.00,137
349,4.00,153
349,5.00,154
349,9.00,164
349,5.00,172
349,31.65,176
350,0.00,44
350,8.00,49
350,6.00,58
350,0.00,61
350,12.00,63
350,9.00,67
350,10.00,71
350,10.00,76
350,9.00,79
350,7.00,80
350,9.00,84
350,2.99,92
350,0.00,94
350,0.00,96
350,0.00,100
350,34.00,101
350,27.00,105
350,0.00,110
350,8.00,113
350,9.00,115
350,33.42,117
350,8.00,119
350,10.00,121
350,26.53,125
350,13.00,127
350,11.00,129
350,31.00,134
350,6.00,137
350,6.00,147
350,5.00,149
350,5.00,153
350,5.00,154
350,9.00,164
350,8.00,168
350,20.00,172
350,0.00,174
350,34.95,176
351,0.00,44
351,8.50,49
351,8.00,56
351,13.00,62
351,7.00,69
351,6.00,74
351,8.00,78
351,7.00,82
351,0.00,85
351,7.84,90
351,23.00,97
351,16.00,106
351,5.11,111
351,8.00,112
351,20.80,122
351,6.00,132
351,3.00,135
351,5.00,146
351,3.00,148
351,1.00,157
351,24.00,169
352,0.00,44
352,8.00,49
352,8.00,57
352,12.00,62
352,4.00,70
352,10.00,75
352,10.00,77
352,7.00,78
352,6.00,83
352,10.00,85
352,10.00,91
352,0.00,93
352,24.50,97
352,23.70,111
352,19.75,122
352,11.00,126
352,11.00,133
352,15.00,138
352,4.00,146
352,4.00,152
352,0.00,162
352,17.00,171
353,3.00,44
353,7.50,49
353,10.00,57
353,0.00,60
353,12.50,62
353,0.00,64
353,7.00,66
353,4.00,75
353,7.00,77
353,1.00,78
353,11.34,91
353,0.00,93
353,0.00,95
353,17.00,97
353,0.00,109
353,18.83,111
353,7.00,112
353,19.34,122
353,13.00,126
353,9.00,128
353,9.00,133
353,5.00,138
353,9.00,146
353,2.00,157
353,5.00,160
353,5.00,162
354,0.00,44
354,8.50,49
354,9.00,56
354,0.00,60
354,12.00,62
354,0.00,64
354,9.00,66
354,12.00,69
354,11.00,74
354,10.00,77
354,6.00,78
354,10.00,82
354,10.00,85
354,16.00,90
354,10.00,93
354,10.00,95
354,37.00,97
354,10.00,99
354,22.00,106
354,10.00,107
354,10.00,109
354,33.35,111
354,8.00,112
354,8.00,114
354,10.00,118
354,10.00,120
354,11.00,126
354,11.00,128
354,22.00,132
354,15.00,135
354,0.00,139
354,10.00,146
354,7.00,148
354,3.00,151
354,5.00,152
354,1.00,157
354,0.00,159
354,6.00,160
354,10.00,162
354,44.00,169
355,0.00,44
355,9.00,49
355,5.00,56
355,0.00,60
355,6.50,62
355,0.00,64
355,9.50,66
355,6.00,69
355,9.00,74
355,8.00,77
355,3.00,78
355,8.00,82
355,15.00,90
355,0.00,93
355,0.00,95
355,35.00,97
355,10.00,106
355,10.00,107
355,25.72,116
355,29.71,122
355,5.00,128
355,12.00,132
355,21.00,135
355,9.00,146
355,2.00,157
355,1.00,160
355,10.00,162
355,9.00,165
355,15.00,167
355,45.00,169
357,0.00,44
357,8.50,49
357,10.00,57
357,0.00,60
357,12.00,62
357,0.00,64
357,10.00,66
357,9.00,70
357,8.00,75
357,10.00,77
357,6.00,78
357,6.00,83
357,10.00,85
357,6.00,91
357,0.00,93
357,0.00,95
357,36.00,97
357,10.00,99
357,24.00,106
357,10.00,107
357,10.00,109
357,34.03,111
357,8.00,112
357,10.00,120
357,25.94,122
357,0.00,123
357,12.00,126
357,8.00,128
357,8.00,133
357,22.00,138
357,0.00,139
357,6.00,146
357,3.00,148
357,4.00,151
357,7.00,152
357,3.00,157
357,0.00,159
357,4.00,160
357,4.00,162
357,4.00,165
357,0.00,167
357,37.00,171
358,0.00,44
358,9.00,49
358,9.00,55
358,0.00,60
358,12.00,62
358,0.00,64
358,10.00,66
358,13.00,68
358,7.00,73
358,10.00,77
358,8.00,78
358,7.00,81
358,14.00,89
358,0.00,93
358,0.00,95
358,28.50,102
358,10.00,107
358,10.00,109
358,8.00,112
358,9.00,114
358,25.52,116
358,10.00,120
358,28.91,122
358,12.00,126
358,12.00,128
358,11.00,131
358,21.00,136
358,9.00,146
358,6.00,148
358,6.00,157
358,5.00,160
358,10.00,162
358,9.00,165
358,24.00,167
358,34.00,170
359,0.00,44
359,9.00,49
359,10.00,57
359,12.50,62
359,9.50,66
359,9.00,70
359,7.00,75
359,9.00,77
359,9.00,78
359,4.00,83
359,0.00,85
359,7.00,91
359,0.00,93
359,0.00,95
359,28.00,97
359,10.00,109
359,10.10,111
359,6.00,112
359,13.00,126
359,8.00,128
359,7.00,133
359,21.00,138
359,0.00,139
359,0.00,144
359,5.00,146
359,4.00,151
359,7.00,152
359,0.00,157
359,0.00,159
359,18.00,171
360,0.00,44
360,6.00,57
360,0.00,60
360,11.50,62
360,0.00,64
360,10.00,66
360,10.00,70
360,12.00,75
360,10.00,77
360,10.00,85
360,7.00,91
360,0.00,93
360,0.00,95
360,35.00,97
360,10.00,99
360,30.00,106
360,10.00,109
360,32.83,111
360,8.00,112
360,13.00,126
360,36.00,133
360,21.00,138
360,2.00,157
360,49.00,171
361,3.00,44
361,8.50,49
361,4.50,62
361,0.00,64
361,3.00,66
361,12.00,75
361,9.00,77
361,28.00,97
361,16.33,111
361,8.00,112
361,12.00,126
361,3.00,133
361,11.00,138
361,10.00,146
361,5.00,151
361,0.00,157
361,27.00,171
362,0.00,44
362,9.00,49
362,8.00,55
362,0.00,60
362,6.00,62
362,0.00,64
362,6.50,66
362,6.00,68
362,9.00,73
362,4.00,77
362,1.00,78
362,3.00,81
362,8.34,89
362,0.00,99
362,34.00,102
362,21.00,106
362,8.00,112
362,16.56,116
362,19.55,122
362,10.00,126
362,7.00,128
362,11.00,131
362,14.00,136
362,6.00,148
362,1.00,157
362,0.00,160
362,3.00,162
362,26.00,170
363,4.00,44
363,8.50,49
363,9.00,58
363,0.00,61
363,10.00,63
363,1.00,65
363,8.50,67
363,8.00,71
363,9.00,76
363,10.00,79
363,9.00,80
363,7.00,84
363,0.00,86
363,12.20,92
363,0.00,94
363,0.00,96
363,34.00,101
363,10.00,108
363,0.00,110
363,7.00,113
363,28.46,117
363,10.00,121
363,26.28,125
363,13.00,127
363,10.00,129
363,9.00,134
363,16.00,137
363,8.00,147
363,2.00,149
363,5.00,153
363,7.00,154
363,3.00,161
363,14.00,164
363,6.00,166
363,4.00,168
363,30.00,172
363,0.00,174
363,34.13,176
364,0.00,44
364,8.00,49
364,6.00,58
364,13.00,63
364,10.00,67
364,8.00,71
364,10.00,76
364,8.00,79
364,5.00,80
364,10.00,84
364,0.00,86
364,12.00,92
364,10.00,94
364,10.00,96
364,36.00,101
364,30.00,105
364,10.00,108
364,10.00,110
364,8.00,113
364,9.00,115
364,24.05,117
364,10.00,121
364,31.92,125
364,13.00,127
364,12.00,129
364,26.00,134
364,25.00,137
364,6.00,147
364,6.00,149
364,1.00,153
364,7.00,154
364,4.00,158
364,2.00,161
364,6.00,163
364,17.00,164
364,10.00,166
364,8.00,168
364,46.00,172
364,16.00,173
364,0.00,174
364,31.39,176
365,0.00,44
365,7.50,49
365,6.00,57
365,0.00,60
365,12.50,62
365,8.50,66
365,6.00,70
365,9.00,77
365,6.00,78
365,11.00,91
365,0.00,93
365,0.00,95
365,34.00,97
365,18.63,111
365,7.00,112
365,0.00,120
365,23.87,122
365,11.00,126
365,3.00,133
365,25.00,138
365,10.00,146
365,3.00,148
365,5.00,151
365,7.00,152
365,3.00,157
365,38.00,171
366,9.00,49
366,6.00,58
366,0.00,61
366,13.00,63
366,9.50,67
366,14.00,71
366,6.00,76
366,10.00,79
366,7.00,80
366,8.00,84
366,0.00,86
366,6.01,92
366,0.00,94
366,0.00,96
366,30.50,101
366,10.00,108
366,10.00,110
366,7.00,113
366,7.00,115
366,18.30,117
366,10.00,121
366,28.48,125
366,12.00,127
366,10.00,134
366,3.00,137
366,8.00,147
366,5.00,149
366,5.00,153
366,7.00,154
366,5.00,158
366,5.00,161
366,11.00,163
366,12.00,164
366,10.00,166
366,25.00,172
366,0.00,174
366,37.54,176
367,0.00,44
367,8.50,49
367,8.00,58
367,13.00,63
367,6.00,67
367,7.00,76
367,9.00,79
367,0.00,94
367,0.00,96
367,27.00,101
367,18.94,125
367,4.00,134
367,15.00,137
367,5.00,154
367,11.00,163
367,13.00,164
367,34.00,172
367,24.44,176
369,0.00,44
369,9.00,49
369,10.00,57
369,0.00,60
369,13.00,62
369,0.00,64
369,9.50,66
369,10.00,70
369,10.00,75
369,10.00,77
369,9.00,78
369,8.00,83
369,10.00,85
369,14.34,91
369,0.00,93
369,0.00,95
369,38.00,97
369,10.00,99
369,30.00,106
369,10.00,107
369,0.00,109
369,34.88,111
369,8.00,112
369,7.00,114
369,10.00,118
369,10.00,120
369,32.33,122
369,0.00,123
369,13.00,126
369,9.00,128
369,33.00,133
369,25.00,138
369,0.00,139
369,0.00,144
369,11.00,146
369,8.00,148
369,5.00,151
369,7.00,152
369,8.00,157
369,7.00,160
369,12.00,162
369,10.00,165
369,36.00,167
369,48.00,171
373,0.00,44
373,9.00,49
373,4.00,58
373,0.00,61
373,12.50,63
373,0.00,65
373,8.00,67
373,11.00,71
373,10.00,76
373,8.00,80
373,5.00,84
373,0.00,86
373,10.20,92
373,0.00,94
373,0.00,96
373,38.00,101
373,17.00,105
373,0.00,110
373,8.00,113
373,8.00,115
373,28.50,117
373,9.00,119
373,28.53,125
373,12.00,127
373,9.00,129
373,33.00,130
373,29.00,134
373,25.00,137
373,4.00,149
373,1.00,153
373,7.00,154
373,4.00,158
373,2.00,161
373,10.00,163
373,18.00,164
373,9.00,166
373,10.00,168
373,50.00,172
373,9.00,173
373,47.85,176
375,0.00,44
375,8.50,49
375,8.00,58
375,6.00,71
375,4.00,76
375,8.00,79
375,0.00,86
375,6.74,92
375,0.00,94
375,0.00,96
375,29.50,101
375,14.79,117
375,17.90,125
375,6.00,154
375,11.00,163
375,10.00,164
375,9.00,172
375,39.51,176
376,0.00,44
376,9.00,49
376,7.00,58
376,7.00,63
376,8.50,67
376,10.00,79
376,3.00,84
376,0.00,86
376,34.00,101
376,7.00,113
376,8.00,115
376,10.52,117
376,10.90,125
376,9.00,134
376,12.00,137
376,3.00,153
377,2.00,44
377,9.00,49
377,7.00,58
377,0.00,61
377,12.50,63
377,7.50,67
377,9.00,71
377,12.00,76
377,9.00,79
377,6.00,80
377,7.00,84
377,0.00,86
377,13.00,92
377,0.00,94
377,0.00,96
377,0.00,100
377,37.00,101
377,7.00,113
377,30.59,117
377,11.00,119
377,10.00,121
377,31.00,125
377,13.00,127
377,10.00,129
377,37.00,134
377,16.00,137
377,6.00,147
377,4.00,149
377,5.00,153
377,6.00,154
377,7.00,158
377,6.00,161
377,11.00,163
377,18.00,164
377,8.00,168
377,44.00,172
377,0.00,174
377,51.26,176
378,9.00,44
378,9.00,49
378,7.00,58
378,2.00,61
378,13.00,63
378,2.00,65
378,9.50,67
378,11.00,71
378,6.00,76
378,9.00,79
378,6.00,80
378,6.00,84
378,14.00,92
378,10.00,94
378,10.00,96
378,32.50,101
378,10.00,108
378,7.00,113
378,9.00,115
378,24.53,117
378,0.00,121
378,12.00,127
378,9.00,129
378,7.00,134
378,17.00,137
378,8.00,147
378,5.00,149
378,5.00,153
378,7.00,154
378,1.00,158
378,2.00,161
378,11.00,163
378,14.00,164
378,9.00,166
378,16.00,168
378,19.00,172
378,0.00,174
378,19.80,176
379,9.00,49
379,6.00,58
379,8.00,79
379,0.00,86
379,0.00,100
379,27.50,101
379,6.67,108
379,8.00,113
379,10.00,115
379,24.47,117
379,10.00,121
379,25.09,125
379,10.00,127
379,7.00,129
379,3.00,134
379,12.00,137
379,9.00,147
379,4.00,149
379,5.00,153
379,7.00,154
379,0.00,161
379,8.00,163
379,13.00,164
379,23.00,172
379,26.80,176
380,9.00,44
380,9.00,49
380,8.00,58
380,2.00,61
380,0.00,65
380,9.00,71
380,5.00,76
380,10.00,79
380,5.00,80
380,7.00,84
380,1.00,86
380,12.34,92
380,10.00,94
380,10.00,96
380,34.50,101
380,27.00,105
380,10.00,108
380,10.00,110
380,7.00,113
380,25.34,117
380,10.00,121
380,0.00,124
380,26.14,125
380,13.00,127
380,7.00,129
380,6.00,134
380,17.00,137
380,7.00,147
380,2.00,149
380,0.00,150
380,5.00,153
380,7.00,154
380,6.00,158
380,4.00,161
380,9.00,163
380,16.00,164
380,11.00,168
380,38.00,172
380,0.00,174
380,42.23,176
381,3.00,44
381,9.00,49
381,0.00,61
381,13.00,63
381,0.00,65
381,9.50,67
381,14.00,71
381,9.00,76
381,10.00,79
381,7.00,80
381,7.00,84
381,0.00,86
381,9.14,92
381,0.00,94
381,0.00,96
381,0.00,100
381,34.00,101
381,22.00,105
381,10.00,108
381,10.00,110
381,8.00,113
381,9.00,115
381,30.28,117
381,12.00,119
381,10.00,121
381,0.00,124
381,35.37,125
381,13.00,127
381,8.00,129
381,23.00,134
381,25.00,137
381,0.00,145
381,8.00,147
381,5.00,149
381,0.00,150
381,5.00,153
381,6.00,154
381,4.00,158
381,5.00,161
381,12.00,163
381,17.00,164
381,6.00,166
381,39.00,172
381,0.00,174
381,46.28,176
382,0.00,44
382,8.50,49
382,8.00,58
382,10.00,63
382,12.00,71
382,9.00,76
382,10.00,79
382,9.00,84
382,15.00,92
382,7.14,94
382,0.00,96
382,16.00,98
382,10.00,108
382,7.00,113
382,-0.24,117
382,19.18,125
382,12.00,127
382,25.00,130
382,7.00,134
382,7.00,137
382,7.00,147
382,4.00,153
382,7.00,154
382,5.00,158
382,5.00,161
382,10.00,163
382,10.00,164
382,9.00,166
382,18.00,172
382,27.33,176
383,0.00,44
383,8.50,49
383,4.00,58
383,0.00,61
383,13.00,63
383,0.00,65
383,10.00,67
383,10.00,71
383,9.00,76
383,0.00,79
383,0.00,86
383,0.00,94
383,0.00,96
383,30.00,101
383,20.00,105
383,8.00,113
383,9.00,115
383,15.65,117
383,7.00,119
383,10.00,121
383,26.87,125
383,13.00,127
383,9.00,129
383,18.00,134
383,15.00,137
383,10.00,147
383,7.00,149
383,0.00,150
383,5.00,153
383,7.00,154
383,5.00,161
383,9.00,163
383,18.00,164
383,7.00,168
383,44.00,172
383,45.96,176
384,0.00,44
384,8.00,49
384,4.00,58
384,13.00,63
384,8.50,67
384,10.00,71
384,8.00,76
384,10.00,79
384,8.00,80
384,9.00,84
384,0.00,86
384,15.00,92
384,0.00,94
384,0.00,96
384,0.00,100
384,34.00,101
384,17.00,105
384,0.00,110
384,8.00,113
384,7.00,115
384,26.02,117
384,11.00,119
384,27.56,125
384,12.00,127
384,7.00,134
384,16.00,137
384,5.00,149
384,5.00,153
384,7.00,154
384,4.00,158
384,5.00,161
384,11.00,163
384,14.00,164
384,9.00,166
384,46.00,172
384,0.00,174
384,46.00,176
385,6.00,44
385,8.00,49
385,7.00,58
385,2.00,61
385,13.00,63
385,5.00,65
385,10.00,67
385,10.00,76
385,10.00,79
385,8.00,84
385,1.00,86
385,10.00,94
385,8.57,96
385,38.00,101
385,28.00,105
385,10.00,108
385,10.00,110
385,8.00,113
385,28.77,117
385,10.00,121
385,30.69,125
385,13.00,127
385,20.00,134
385,25.00,137
385,0.00,140
385,6.00,147
385,2.00,149
385,5.00,153
385,7.00,154
385,1.00,158
385,4.00,161
385,11.00,163
385,15.00,164
385,12.00,168
385,35.00,172
385,0.00,174
385,45.56,176
386,0.00,44
386,8.50,49
386,5.00,58
386,0.00,61
386,13.00,63
386,0.00,65
386,9.00,67
386,10.00,71
386,9.00,76
386,7.00,79
386,6.00,80
386,7.00,84
386,1.00,86
386,9.20,92
386,0.00,94
386,0.00,100
386,33.50,101
386,28.00,105
386,5.56,108
386,0.00,110
386,8.00,113
386,9.00,115
386,28.79,117
386,10.00,121
386,27.05,125
386,13.00,127
386,11.00,129
386,10.00,134
386,15.00,137
386,4.00,149
386,0.00,153
386,6.00,154
386,4.00,158
386,2.00,161
386,7.00,163
386,15.00,164
386,19.00,172
386,0.00,174
386,37.26,176
387,0.00,44
387,8.00,49
387,6.00,58
387,12.00,63
387,8.50,67
387,7.00,71
387,9.00,76
387,9.00,79
387,7.00,80
387,4.00,84
387,1.00,86
387,16.00,92
387,0.00,94
387,0.00,96
387,35.50,101
387,19.00,105
387,10.00,108
387,10.00,110
387,8.00,113
387,30.92,117
387,30.20,125
387,13.00,127
387,11.00,129
387,15.00,134
387,10.00,137
387,7.00,147
387,6.00,149
387,5.00,153
387,7.00,154
387,4.00,158
387,9.00,163
387,16.00,164
387,7.00,168
387,31.00,172
387,0.00,174
387,52.12,176
388,0.00,44
388,7.50,49
388,6.00,58
388,5.00,71
388,10.00,101
388,21.00,105
388,24.47,117
388,23.87,125
388,10.00,127
388,7.00,134
388,3.00,137
388,5.00,153
388,6.00,172
388,29.09,176
389,9.00,44
389,8.50,49
389,8.00,58
389,2.00,61
389,12.00,63
389,9.00,67
389,10.00,71
389,7.00,76
389,9.00,79
389,6.00,80
389,8.00,84
389,0.00,86
389,11.14,92
389,0.00,94
389,0.00,96
389,10.00,100
389,34.00,101
389,18.00,105
389,10.00,108
389,10.00,110
389,8.00,113
389,27.57,117
389,10.00,121
389,0.00,124
389,32.30,125
389,12.00,127
389,11.00,129
389,32.00,130
389,11.00,134
389,17.00,137
389,0.00,140
389,0.00,145
389,7.00,147
389,5.00,149
389,5.00,153
389,5.00,154
389,0.00,158
389,5.00,161
389,10.00,163
389,12.00,164
389,10.00,166
389,11.00,168
389,48.00,172
389,17.00,173
389,0.00,174
389,49.71,176
390,0.00,44
390,8.50,49
390,5.00,71
390,5.00,76
390,10.00,79
390,8.00,80
390,5.00,84
390,0.00,86
390,13.20,92
390,0.00,94
390,0.00,96
390,0.00,100
390,34.00,101
390,30.00,105
390,8.00,113
390,9.00,115
390,35.79,117
390,6.00,119
390,24.15,125
390,11.00,134
390,14.00,137
390,0.00,140
390,0.00,145
390,0.00,150
390,3.00,153
390,6.00,154
390,2.00,161
390,11.00,163
390,12.00,164
390,23.00,172
390,38.38,176
391,0.00,44
391,9.00,49
391,5.00,58
391,0.00,61
391,12.00,63
391,0.00,65
391,9.00,67
391,5.00,71
391,7.00,76
391,10.00,79
391,6.00,80
391,7.00,84
391,0.00,86
391,0.00,94
391,0.00,96
391,0.00,100
391,33.00,101
391,5.11,108
391,8.00,113
391,23.24,117
391,0.00,124
391,20.64,125
391,10.00,127
391,3.00,134
391,15.00,137
391,7.00,147
391,4.00,153
391,6.00,154
391,2.00,161
391,7.00,163
391,15.00,164
391,3.00,166
391,27.00,172
391,38.32,176
392,5.00,44
392,2.00,61
392,0.00,65
392,7.00,76
392,8.00,79
392,8.00,84
392,9.52,92
392,0.00,94
392,0.00,96
392,26.50,101
392,6.00,105
392,0.00,110
392,8.00,113
392,7.00,115
392,21.42,117
392,27.36,125
392,12.00,127
392,12.00,129
392,23.00,134
392,16.00,137
392,7.00,147
392,4.00,149
392,5.00,153
392,7.00,154
392,13.00,164
392,32.00,172
392,0.00,174
392,35.93,176
393,0.00,44
393,8.50,49
393,10.00,55
393,0.00,60
393,12.50,62
393,0.00,64
393,9.50,66
393,8.00,68
393,11.00,73
393,10.00,77
393,4.00,78
393,7.00,81
393,11.00,89
393,0.00,93
393,0.00,95
393,0.00,99
393,35.50,102
393,29.00,106
393,8.00,112
393,7.00,114
393,22.83,116
393,10.00,120
393,11.00,126
393,10.00,128
393,9.00,131
393,16.00,136
393,4.00,148
393,1.00,157
393,0.00,159
393,22.00,170
394,0.00,44
394,9.00,49
394,7.00,56
394,0.00,60
394,12.50,62
394,0.00,64
394,10.00,66
394,10.00,69
394,10.00,74
394,8.00,77
394,9.00,78
394,7.00,82
394,0.00,85
394,12.00,90
394,9.29,93
394,0.00,95
394,34.00,97
394,4.00,106
394,7.78,107
394,23.30,111
394,8.00,112
394,30.64,122
394,0.00,123
394,11.00,128
394,21.00,132
394,21.00,135
394,0.00,139
394,0.00,144
394,9.00,146
394,7.00,148
394,5.00,151
394,5.00,157
394,0.00,159
394,6.00,160
394,11.00,162
394,9.00,165
394,29.00,167
394,45.00,169
395,9.00,56
395,12.50,62
395,2.50,66
395,8.00,69
395,13.00,74
395,5.00,78
395,6.00,82
395,10.34,90
395,0.00,93
395,0.00,95
395,35.50,97
395,2.00,106
395,0.00,107
395,0.00,109
395,24.22,111
395,7.00,112
395,0.00,120
395,29.95,122
395,0.00,123
395,7.00,128
395,9.00,132
395,16.00,135
395,0.00,139
395,0.00,159
395,7.00,167
395,19.00,169
397,0.00,44
397,8.50,49
397,7.00,58
397,0.00,61
397,12.50,63
397,0.00,65
397,8.00,67
397,14.00,71
397,6.00,76
397,10.00,79
397,7.00,80
397,6.00,84
397,0.00,86
397,12.00,92
397,4.79,94
397,4.76,96
397,30.00,101
397,26.00,105
397,6.94,108
397,10.00,110
397,8.00,113
397,6.00,115
397,25.78,117
397,11.00,119
397,10.00,121
397,28.54,125
397,13.00,127
397,8.00,129
397,22.00,134
397,21.00,137
397,7.00,147
397,4.00,149
397,5.00,153
397,7.00,154
397,2.00,158
397,5.00,161
397,11.00,163
397,13.00,164
397,7.00,168
397,28.00,172
397,0.00,174
397,44.71,176
398,6.00,44
398,7.00,58
398,2.00,61
398,6.50,63
398,0.00,65
398,7.00,67
398,10.00,71
398,8.00,76
398,9.00,79
398,7.00,80
398,8.00,84
398,0.00,86
398,10.14,92
398,0.00,94
398,31.50,101
398,8.00,113
398,8.00,115
398,22.18,117
398,6.00,119
398,23.41,125
398,12.00,127
398,11.00,129
398,9.00,134
398,14.00,137
398,4.00,149
398,4.00,153
398,1.00,158
398,5.00,161
398,9.00,163
398,9.00,164
398,7.00,166
398,11.00,168
398,24.00,172
398,0.00,174
398,31.49,176
399,8.00,44
399,2.00,61
399,6.50,63
399,4.50,67
399,8.00,76
399,6.00,79
399,9.00,80
399,4.00,84
399,4.20,92
399,0.00,94
399,0.00,96
399,27.00,101
399,8.00,113
399,9.00,115
399,26.54,117
399,7.00,119
399,14.85,125
399,13.00,127
399,8.00,129
399,5.00,134
399,0.00,137
399,5.00,149
399,7.00,163
399,6.00,164
399,2.00,172
399,32.31,176
401,0.00,44
401,8.00,49
401,8.00,57
401,0.00,60
401,13.00,62
401,0.00,64
401,10.00,66
401,11.00,70
401,8.00,77
401,4.00,83
401,4.34,91
401,0.00,93
401,0.00,95
401,33.50,97
401,0.00,107
401,33.51,111
401,8.00,112
401,34.03,122
401,13.00,126
401,23.00,133
401,7.00,138
401,5.00,151
401,7.00,152
401,0.00,157
401,0.00,159
401,5.00,160
401,9.00,162
401,2.00,165
401,43.00,171
403,0.00,44
403,7.50,49
403,0.00,60
403,6.50,62
403,0.00,64
403,8.50,66
403,12.00,70
403,10.00,75
403,9.00,77
403,3.00,78
403,10.00,83
403,0.00,85
403,12.34,91
403,0.00,93
403,36.50,97
403,23.00,106
403,10.00,107
403,0.00,109
403,36.51,111
403,5.00,112
403,6.00,114
403,10.00,118
403,0.00,120
403,29.01,122
403,0.00,123
403,10.00,126
403,10.00,128
403,21.00,133
403,16.00,138
403,0.00,144
403,5.00,148
403,0.00,159
403,7.00,160
403,9.00,162
403,7.00,165
403,29.00,167
403,37.00,171
406,0.00,44
406,7.50,49
406,6.00,55
406,0.00,60
406,7.00,62
406,0.00,64
406,7.00,66
406,14.00,68
406,8.00,73
406,6.00,77
406,7.01,89
406,0.00,93
406,0.00,95
406,24.50,102
406,24.00,106
406,8.00,112
406,26.26,116
406,24.45,122
406,12.00,131
406,8.00,136
406,9.00,146
406,5.00,148
406,3.00,151
406,3.00,160
406,12.00,162
406,36.00,170
407,0.00,44
407,9.00,49
407,9.00,57
407,13.00,62
407,9.00,66
407,12.00,70
407,9.00,75
407,10.00,77
407,6.00,78
407,10.00,83
407,10.00,85
407,12.00,91
407,0.00,93
407,0.00,95
407,37.00,97
407,30.00,106
407,0.00,109
407,35.79,111
407,8.00,112
407,8.00,114
407,8.00,118
407,10.00,120
407,30.26,122
407,13.00,126
407,12.00,128
407,34.00,133
407,19.00,138
407,6.00,148
407,4.00,151
407,4.00,152
407,3.00,157
407,7.00,160
407,12.00,162
407,32.00,167
407,47.00,171
408,0.00,44
408,12.00,62
408,9.50,66
408,26.50,97
408,20.80,111
408,8.00,112
408,9.00,114
408,23.18,122
408,11.00,126
408,23.00,132
408,16.00,135
408,7.00,169
409,0.00,44
409,9.00,49
409,8.00,56
409,11.50,62
409,8.00,69
409,9.00,74
409,8.00,78
409,5.00,82
409,10.00,85
409,13.01,90
409,0.00,93
409,0.00,95
409,27.50,97
409,8.12,111
409,5.00,112
409,10.00,120
409,12.00,126
409,10.00,128
409,15.00,132
409,6.00,135
409,5.00,157
409,10.00,165
409,9.00,169
415,0.00,44
415,8.50,49
415,10.00,55
415,0.00,60
415,12.00,62
415,0.00,64
415,7.50,66
415,14.00,68
415,10.00,73
415,9.00,77
415,8.00,78
415,6.00,81
415,0.00,85
415,10.00,89
415,0.00,93
415,0.00,95
415,34.50,102
415,30.00,106
415,10.00,107
415,0.00,109
415,8.00,112
415,30.12,116
415,9.00,118
415,0.00,120
415,12.00,126
415,12.00,128
415,14.00,131
415,13.00,136
415,4.00,148
415,5.00,152
415,9.00,165
415,23.00,170
416,3.00,44
416,8.50,49
416,10.00,55
416,2.00,60
416,13.00,62
416,0.00,64
416,9.50,66
416,12.00,68
416,11.00,73
416,10.00,77
416,8.00,78
416,8.00,81
416,16.00,89
416,0.00,93
416,0.00,95
416,0.00,99
416,36.00,102
416,10.00,107
416,0.00,109
416,8.00,112
416,9.00,114
416,26.81,116
416,9.00,118
416,10.00,120
416,31.47,122
416,12.00,126
416,10.00,128
416,32.00,131
416,21.00,136
416,9.00,146
416,4.00,148
416,7.00,152
416,10.00,157
416,5.00,160
416,11.00,162
416,7.00,165
416,29.00,167
416,46.00,170
417,0.00,44
417,8.50,49
417,9.00,57
417,0.00,60
417,12.50,62
417,0.00,64
417,10.00,66
417,14.00,70
417,9.00,75
417,10.00,77
417,7.00,78
417,10.00,83
417,10.00,85
417,15.00,91
417,0.00,93
417,0.00,95
417,39.00,97
417,10.00,99
417,30.00,106
417,10.00,107
417,0.00,109
417,36.32,111
417,8.00,112
417,9.00,114
417,10.00,118
417,10.00,120
417,33.51,122
417,13.00,126
417,12.00,128
417,27.00,133
417,22.00,138
417,10.00,146
417,6.00,148
417,5.00,151
417,7.00,152
417,6.00,157
417,7.00,160
417,10.00,162
417,10.00,165
417,32.00,167
417,48.00,171
418,0.00,44
418,7.50,49
418,10.00,55
418,0.00,60
418,11.00,62
418,0.00,64
418,9.50,66
418,13.00,68
418,10.00,73
418,9.00,77
418,7.00,78
418,7.00,81
418,12.34,89
418,0.00,95
418,32.50,102
418,30.00,106
418,8.00,112
418,9.00,114
418,26.94,116
418,10.00,120
418,27.16,122
418,13.00,126
418,9.00,128
418,8.00,131
418,16.00,136
418,10.00,146
418,7.00,148
418,5.00,151
418,7.00,152
418,5.00,157
418,4.00,160
418,11.00,162
418,10.00,165
418,29.00,167
418,35.00,170
419,3.00,44
419,9.00,49
419,10.00,55
419,2.00,60
419,13.00,62
419,0.00,64
419,10.00,73
419,10.00,77
419,8.00,78
419,8.00,81
419,15.34,89
419,0.00,93
419,0.00,95
419,34.00,102
419,8.00,112
419,6.70,116
419,0.00,131
419,22.00,136
419,9.00,146
419,7.00,152
419,3.00,157
419,4.00,160
419,11.00,162
420,0.00,44
420,7.00,56
420,12.00,62
420,11.00,74
420,10.00,85
420,10.00,90
420,6.21,93
420,0.00,95
420,32.00,97
420,0.00,99
420,27.00,106
420,10.00,107
420,0.00,109
420,15.60,111
420,5.00,112
420,10.00,120
420,12.00,126
420,7.00,128
420,16.00,132
420,10.00,135
420,1.00,157
420,5.00,160
420,5.00,162
420,5.00,165
420,45.00,169
421,0.00,44
421,9.00,49
421,8.00,55
421,12.50,62
421,10.00,66
421,11.00,68
421,11.00,73
421,10.00,77
421,7.00,78
421,7.00,81
421,14.00,89
421,0.00,93
421,0.00,95
421,0.00,99
421,36.50,102
421,28.00,106
421,0.00,109
421,8.00,112
421,8.00,114
421,33.34,116
421,10.00,118
421,35.01,122
421,12.00,126
421,10.00,128
421,25.00,131
421,15.00,136
421,0.00,144
421,10.00,146
421,6.00,148
421,5.00,151
421,7.00,152
421,4.00,157
421,0.00,159
421,5.00,160
421,12.00,162
421,10.00,165
421,23.00,167
421,44.00,170
422,0.00,44
422,9.00,49
422,8.00,56
422,0.00,60
422,13.00,62
422,0.00,64
422,9.50,66
422,8.00,69
422,10.00,74
422,9.00,77
422,6.00,78
422,5.00,82
422,0.00,85
422,6.00,90
422,0.00,93
422,0.00,95
422,37.50,97
422,0.00,107
422,31.61,111
422,7.00,112
422,11.00,118
422,0.00,120
422,12.00,126
422,9.00,128
422,21.00,132
422,25.00,135
422,8.00,146
422,4.00,151
422,3.00,157
422,5.00,160
422,6.00,162
422,6.00,165
422,10.00,167
422,47.00,169
423,3.00,44
423,8.00,49
423,2.00,55
423,0.00,60
423,8.00,62
423,0.00,64
423,9.50,66
423,12.00,68
423,10.00,73
423,9.00,77
423,7.00,78
423,6.00,81
423,7.34,89
423,0.00,93
423,0.00,95
423,37.00,102
423,20.00,106
423,10.00,107
423,0.00,109
423,7.00,112
423,30.71,116
423,10.00,120
423,30.64,122
423,12.00,126
423,11.00,128
423,33.00,131
423,25.00,136
423,0.00,144
423,6.00,146
423,4.00,148
423,6.00,157
423,5.00,162
423,27.00,170
424,0.00,44
424,9.00,49
424,10.00,56
424,0.00,60
424,13.00,62
424,0.00,64
424,10.00,66
424,11.00,69
424,12.00,74
424,6.00,78
424,7.00,82
424,8.01,90
424,0.00,93
424,0.00,95
424,37.50,97
424,26.00,106
424,32.46,111
424,8.00,112
424,30.90,122
424,2.00,128
424,6.00,132
424,21.00,135
424,5.00,146
424,6.00,148
424,5.00,151
424,5.00,160
424,12.00,162
424,7.00,165
424,29.00,167
424,38.00,169
426,0.00,44
426,7.00,55
426,0.00,60
426,8.50,62
426,9.50,66
426,13.00,68
426,9.00,73
426,8.00,78
426,6.00,81
426,10.00,85
426,5.34,89
426,0.00,93
426,0.00,95
426,31.00,102
426,10.00,107
426,0.00,109
426,8.00,112
426,25.32,116
426,26.45,122
426,6.00,126
426,8.00,131
426,19.00,136
426,8.00,146
426,4.00,148
426,6.00,152
426,6.00,157
426,7.00,160
426,9.00,162
426,24.00,170
427,0.00,44
427,9.00,49
427,9.00,55
427,0.00,60
427,12.00,62
427,0.00,64
427,9.50,66
427,9.00,68
427,8.00,73
427,10.00,77
427,7.00,78
427,4.00,81
427,0.00,85
427,12.00,89
427,0.00,93
427,0.00,95
427,0.00,99
427,37.00,102
427,24.00,106
427,10.00,107
427,0.00,109
427,8.00,112
427,9.00,114
427,24.63,116
427,9.00,118
427,10.00,120
427,12.00,126
427,12.00,128
427,12.00,131
427,21.00,136
427,0.00,139
427,8.00,146
427,2.00,148
427,6.00,152
427,5.00,157
427,0.00,159
427,3.00,160
427,5.00,162
427,7.00,165
427,26.00,167
427,34.00,170
428,0.00,44
428,8.50,49
428,8.00,55
428,0.00,60
428,13.00,62
428,0.00,64
428,4.50,66
428,9.00,68
428,12.00,73
428,10.00,77
428,5.00,78
428,7.00,81
428,0.00,85
428,13.34,89
428,0.00,93
428,0.00,95
428,35.00,102
428,10.00,107
428,10.00,109
428,8.00,112
428,27.66,116
428,10.00,120
428,12.00,126
428,12.00,128
428,13.00,131
428,21.00,136
428,5.00,146
428,4.00,148
428,7.00,152
428,2.00,157
428,2.00,160
428,1.00,165
428,25.00,170
429,0.00,44
429,8.00,49
429,7.00,55
429,0.00,60
429,12.50,62
429,0.00,64
429,10.00,66
429,7.00,68
429,10.00,73
429,9.00,77
429,4.00,81
429,10.00,85
429,10.00,89
429,0.00,93
429,0.00,95
429,0.00,99
429,36.00,102
429,21.00,106
429,8.00,112
429,18.03,116
429,8.76,122
429,0.00,123
429,13.00,126
429,8.00,128
429,13.00,131
429,14.00,136
429,9.00,146
429,3.00,148
429,5.00,151
429,7.00,152
429,6.00,157
429,0.00,159
429,8.00,165
429,29.00,167
429,33.00,170
430,9.00,44
430,9.00,49
430,10.00,55
430,2.00,60
430,11.50,62
430,0.00,64
430,9.50,66
430,8.00,68
430,10.00,73
430,10.00,77
430,6.00,78
430,4.00,81
430,13.00,89
430,0.00,93
430,0.00,95
430,10.00,99
430,36.50,102
430,8.00,112
430,9.00,114
430,26.09,116
430,13.00,126
430,12.00,128
430,24.00,131
430,22.00,136
430,7.00,146
430,6.00,148
430,7.00,152
430,0.00,157
430,5.00,160
430,10.00,162
430,1.00,165
430,33.00,170
431,0.00,44
431,9.00,49
431,10.00,55
431,0.00,60
431,12.50,62
431,0.00,64
431,8.00,66
431,11.00,73
431,10.00,77
431,8.00,78
431,8.00,81
431,13.00,89
431,0.00,93
431,0.00,95
431,0.00,99
431,37.00,102
431,15.00,106
431,0.00,107
431,8.00,112
431,2.00,114
431,35.28,116
431,30.73,122
431,12.00,126
431,9.00,131
431,25.00,136
431,5.00,152
431,5.00,157
431,4.00,160
431,34.00,170
432,9.00,44
432,9.00,49
432,8.00,55
432,0.00,60
432,11.50,62
432,0.00,64
432,6.00,66
432,9.00,68
432,9.00,73
432,10.00,77
432,6.00,78
432,5.00,81
432,0.00,85
432,0.00,93
432,0.00,95
432,0.00,99
432,37.50,102
432,30.00,106
432,0.00,109
432,8.00,112
432,9.00,114
432,32.83,116
432,10.00,118
432,10.00,120
432,33.98,122
432,13.00,126
432,12.00,128
432,18.00,131
432,25.00,136
432,7.00,146
432,5.00,148
432,5.00,151
432,7.00,152
432,6.00,157
432,4.00,160
432,10.00,162
432,7.00,165
432,20.00,167
432,36.00,170
433,0.00,44
433,9.00,49
433,9.00,55
433,7.00,68
433,10.00,73
433,10.00,77
433,7.00,78
433,10.00,81
433,14.00,89
433,0.00,93
433,0.00,95
433,25.50,102
433,30.00,106
433,0.00,109
433,8.00,112
433,5.00,114
433,23.76,116
433,21.47,122
433,13.00,126
433,8.00,128
433,4.00,131
433,19.00,136
433,9.00,146
433,6.00,148
433,5.00,151
433,6.00,152
433,8.00,157
433,5.00,160
433,6.00,162
433,9.00,165
433,21.00,167
433,31.00,170
434,0.00,44
434,8.00,49
434,10.00,55
434,13.00,62
434,6.00,66
434,10.00,77
434,8.00,78
434,5.00,81
434,7.00,89
434,0.00,93
434,0.00,95
434,38.50,102
434,0.00,107
434,0.00,109
434,8.00,112
434,7.00,114
434,28.68,116
434,10.00,120
434,29.16,122
434,13.00,126
434,10.00,128
434,17.00,131
434,21.00,136
434,0.00,144
434,9.00,146
434,4.00,148
434,7.00,152
434,9.00,162
434,28.00,170
435,0.00,44
435,9.00,49
435,9.00,55
435,0.00,60
435,13.00,62
435,0.00,64
435,8.50,66
435,11.00,68
435,7.00,73
435,10.00,77
435,8.00,78
435,5.00,81
435,10.00,85
435,14.00,89
435,0.00,93
435,0.00,95
435,29.00,102
435,30.00,106
435,10.00,107
435,8.00,112
435,24.59,116
435,23.19,122
435,13.00,126
435,10.00,128
435,4.00,131
435,21.00,136
435,8.00,146
435,6.00,148
435,5.00,151
435,7.00,152
435,6.00,157
435,7.00,160
435,11.00,162
435,7.00,165
435,36.00,167
435,22.00,170
436,0.00,44
436,7.50,49
436,5.00,55
436,0.00,60
436,13.00,62
436,0.00,64
436,9.50,66
436,7.00,68
436,8.00,73
436,10.00,77
436,8.00,78
436,10.00,81
436,15.00,89
436,0.00,93
436,0.00,95
436,33.50,102
436,10.00,107
436,8.00,112
436,24.71,116
436,9.00,118
436,10.00,120
436,27.14,122
436,13.00,126
436,11.00,128
436,21.00,131
436,11.00,136
436,0.00,139
436,0.00,144
436,7.00,146
436,5.00,151
436,7.00,152
436,8.00,157
436,0.00,159
436,4.00,160
436,11.00,162
436,7.00,165
436,30.00,167
436,28.00,170
437,3.00,44
437,8.50,49
437,0.00,60
437,12.50,62
437,9.00,68
437,9.00,73
437,8.00,77
437,4.00,81
437,0.00,93
437,0.00,95
437,32.50,102
437,8.00,112
437,27.06,116
437,22.10,122
437,0.00,131
437,12.00,136
437,10.00,146
437,3.00,148
437,2.00,151
437,4.00,152
437,1.00,157
437,5.00,160
437,12.00,162
437,22.00,170
438,0.00,44
438,9.00,49
438,10.00,55
438,0.00,60
438,12.00,62
438,0.00,64
438,10.00,66
438,14.00,68
438,11.00,73
438,10.00,77
438,5.00,78
438,8.00,81
438,12.00,89
438,0.00,93
438,0.00,95
438,10.00,99
438,32.00,102
438,28.00,106
438,10.00,107
438,10.00,109
438,8.00,112
438,9.00,114
438,28.12,116
438,10.00,120
438,30.72,122
438,0.00,123
438,12.00,126
438,11.00,128
438,17.00,131
438,25.00,136
438,0.00,139
438,7.00,146
438,6.00,148
438,4.00,151
438,6.00,152
438,6.00,157
438,0.00,159
438,5.00,160
438,10.00,162
438,32.00,170
439,3.00,44
439,9.00,49
439,9.00,55
439,2.00,60
439,12.00,62
439,3.00,64
439,9.00,66
439,11.00,68
439,11.00,73
439,8.00,77
439,7.00,78
439,4.00,81
439,10.00,85
439,14.00,89
439,10.00,93
439,10.00,95
439,10.00,99
439,37.00,102
439,28.00,106
439,10.00,107
439,10.00,109
439,8.00,112
439,9.00,114
439,27.99,116
439,10.00,120
439,32.49,122
439,13.00,126
439,11.00,128
439,22.00,131
439,21.00,136
439,4.00,146
439,4.00,148
439,4.00,151
439,6.00,152
439,0.00,155
439,4.00,157
439,0.00,159
439,3.00,160
439,10.00,162
439,9.00,165
439,28.00,167
439,45.00,170
440,3.00,44
440,9.00,49
440,9.00,55
440,12.00,62
440,1.00,64
440,9.50,66
440,11.00,68
440,10.00,73
440,10.00,77
440,0.00,85
440,12.00,89
440,10.00,93
440,9.52,95
440,0.00,99
440,33.00,102
440,16.00,106
440,8.06,107
440,10.00,109
440,8.00,112
440,8.00,114
440,30.35,116
440,7.00,118
440,0.00,120
440,0.00,123
440,13.00,126
440,9.00,128
440,6.00,131
440,21.00,136
440,0.00,139
440,0.00,144
440,9.00,146
440,4.00,148
440,1.00,151
440,7.00,152
440,7.00,157
440,0.00,159
440,0.00,160
440,9.00,162
440,0.00,165
440,0.00,167
440,15.00,170
441,3.00,44
441,8.50,49
441,10.00,55
441,2.00,60
441,13.00,62
441,0.00,64
441,10.00,66
441,10.00,73
441,10.00,77
441,6.00,78
441,12.34,89
441,0.00,93
441,0.00,95
441,23.50,97
441,10.00,99
441,0.00,109
441,26.71,111
441,8.00,112
441,7.00,114
441,7.00,118
441,13.00,126
441,8.00,128
441,12.00,133
441,17.00,138
441,8.00,146
441,0.00,148
441,5.00,151
441,6.00,152
441,6.00,157
441,8.00,162
441,8.00,165
441,28.00,171
442,0.00,44
442,8.50,49
442,10.00,55
442,0.00,60
442,13.00,62
442,0.00,64
442,8.00,66
442,12.00,68
442,10.00,77
442,7.00,78
442,3.00,81
442,10.00,85
442,28.50,97
442,10.00,99
442,8.00,112
442,30.91,116
442,12.00,126
442,6.00,131
442,3.00,136
442,6.00,146
442,3.00,151
442,7.00,152
442,6.00,157
442,27.00,170
443,3.00,44
443,9.00,49
443,10.00,55
443,0.00,60
443,13.00,62
443,1.00,64
443,9.00,66
443,13.00,68
443,9.00,73
443,10.00,77
443,8.00,78
443,6.00,81
443,0.00,93
443,0.00,95
443,36.50,97
443,10.00,99
443,0.00,109
443,30.98,111
443,8.00,112
443,8.00,114
443,8.00,118
443,12.00,126
443,11.00,128
443,14.00,133
443,22.00,138
443,8.00,146
443,4.00,148
443,5.00,152
443,8.00,157
443,6.00,162
443,25.00,171
444,0.00,44
444,9.00,49
444,10.00,55
444,1.00,60
444,11.00,62
444,9.50,66
444,11.00,73
444,10.00,77
444,0.00,85
444,10.00,93
444,10.00,95
444,29.50,102
444,10.00,107
444,10.00,109
444,8.00,112
444,25.61,116
444,8.00,118
444,10.00,120
444,12.00,128
444,3.00,131
444,25.00,136
444,9.00,146
444,6.00,148
444,7.00,152
444,7.00,157
444,8.00,162
444,0.00,165
444,15.00,170
445,0.00,44
445,8.50,49
445,10.00,55
445,0.00,60
445,12.00,62
445,0.00,64
445,8.00,66
445,14.00,68
445,9.00,73
445,10.00,77
445,9.00,78
445,4.00,81
445,10.00,85
445,0.00,93
445,0.00,95
445,10.00,99
445,31.50,102
445,10.00,107
445,0.00,109
445,8.00,112
445,7.00,114
445,23.90,116
445,10.00,120
445,13.00,126
445,17.00,136
445,9.00,146
445,1.00,151
445,5.00,152
445,0.00,160
445,26.00,170
446,0.00,44
446,9.00,49
446,0.00,60
446,13.00,62
446,0.00,64
446,9.50,66
446,11.00,68
446,8.00,77
446,6.00,78
446,7.00,81
446,14.00,89
446,0.00,93
446,29.50,102
446,6.00,112
446,27.64,116
446,26.51,122
446,7.00,126
446,3.00,131
446,12.00,136
446,0.00,144
446,7.00,146
446,2.00,151
446,7.00,152
446,16.00,170
447,0.00,44
447,9.00,49
447,10.00,55
447,0.00,60
447,10.00,62
447,0.00,64
447,8.50,66
447,6.00,68
447,11.00,73
447,10.00,77
447,4.00,78
447,4.00,81
447,12.00,89
447,0.00,93
447,0.00,95
447,0.00,99
447,35.00,102
447,6.00,106
447,10.00,107
447,0.00,109
447,8.00,112
447,29.36,116
447,9.00,118
447,10.00,120
447,28.38,122
447,0.00,123
447,13.00,126
447,12.00,128
447,22.00,131
447,21.00,136
447,0.00,139
447,9.00,146
447,5.00,148
447,5.00,151
447,6.00,152
447,9.00,157
447,4.00,160
447,9.00,162
447,19.00,170
448,3.00,44
448,9.00,49
448,8.00,55
448,2.00,60
448,13.00,62
448,9.50,66
448,10.00,68
448,11.00,73
448,10.00,77
448,8.00,78
448,9.00,81
448,11.00,89
448,0.00,93
448,0.00,95
448,10.00,99
448,36.50,102
448,10.00,107
448,8.00,112
448,6.00,114
448,27.82,116
448,8.00,118
448,10.00,120
448,13.00,126
448,12.00,128
448,13.00,131
448,21.00,136
448,3.00,148
448,6.00,152
448,6.00,157
448,5.00,160
448,12.00,162
448,9.00,165
448,35.00,170
449,0.00,44
449,8.50,49
449,5.00,73
449,4.00,81
449,16.00,89
449,0.00,93
449,0.00,95
449,0.00,107
449,8.00,112
449,21.58,116
449,4.00,118
449,0.00,120
449,22.72,122
449,11.00,126
449,9.00,128
449,9.00,131
449,10.00,136
449,6.00,148
449,6.00,152
449,8.00,157
449,4.00,160
449,10.00,162
449,8.00,165
449,29.00,167
449,29.00,170
450,0.00,44
450,8.50,49
450,6.00,55
450,0.00,60
450,12.00,62
450,0.00,64
450,8.00,66
450,9.00,68
450,9.00,73
450,9.00,77
450,3.00,78
450,6.00,81
450,0.00,85
450,0.00,93
450,0.00,95
450,0.00,99
450,34.00,102
450,10.00,109
450,8.00,112
450,26.20,116
450,9.00,118
450,10.00,120
450,30.89,122
450,0.00,123
450,12.00,126
450,6.00,128
450,22.00,131
450,21.00,136
450,3.00,148
450,2.00,152
450,2.00,157
450,0.00,159
450,7.00,160
450,7.00,162
450,41.00,170
451,0.00,44
451,9.00,49
451,0.00,60
451,13.00,62
451,8.50,66
451,10.00,77
451,3.00,81
451,0.00,93
451,0.00,95
451,31.00,102
451,7.00,112
451,16.79,116
451,4.00,131
451,3.00,136
451,0.00,148
451,4.00,152
451,2.00,170
452,0.00,44
452,8.50,49
452,3.00,55
452,0.00,60
452,13.00,62
452,0.00,64
452,9.50,66
452,5.00,68
452,9.00,73
452,10.00,77
452,8.00,78
452,5.00,81
452,10.84,89
452,0.00,93
452,0.00,95
452,10.00,99
452,39.00,102
452,10.00,107
452,8.00,112
452,6.00,114
452,32.17,116
452,10.00,118
452,13.00,126
452,12.00,128
452,24.00,131
452,18.00,136
452,8.00,148
452,4.00,151
452,7.00,152
452,9.00,157
452,5.00,160
452,11.00,162
452,8.00,165
452,41.00,170
453,0.00,44
453,9.00,49
453,7.00,55
453,0.00,60
453,13.00,62
453,0.00,64
453,8.50,66
453,10.00,68
453,11.00,73
453,10.00,77
453,8.00,78
453,7.00,81
453,10.00,85
453,11.50,89
453,10.00,93
453,10.00,95
453,38.00,102
453,30.00,106
453,0.00,107
453,0.00,109
453,8.00,112
453,31.37,116
453,10.00,120
453,29.39,122
453,13.00,126
453,9.00,128
453,24.00,131
453,25.00,136
453,9.00,146
453,6.00,148
453,6.00,152
453,8.00,157
453,6.00,160
453,10.00,162
453,5.00,165
453,17.00,167
453,34.00,170
454,0.00,44
454,8.50,49
454,5.00,55
454,0.00,60
454,8.50,62
454,0.00,64
454,7.50,66
454,8.00,68
454,9.00,73
454,7.00,77
454,6.00,78
454,3.00,81
454,13.01,89
454,0.00,93
454,0.00,95
454,22.00,102
454,10.00,107
454,10.00,109
454,8.00,112
454,10.03,116
454,10.00,120
454,20.40,122
454,13.00,126
454,9.00,128
454,9.00,131
454,3.00,136
454,9.00,146
454,4.00,148
454,6.00,152
454,6.00,157
454,5.00,160
454,8.00,162
454,5.00,165
454,34.00,170
455,0.00,44
455,8.50,49
455,10.00,55
455,0.00,60
455,12.00,62
455,0.00,64
455,9.50,66
455,13.00,68
455,10.00,77
455,6.00,78
455,5.00,81
455,0.00,85
455,15.00,89
455,0.00,93
455,0.00,95
455,0.00,99
455,36.00,102
455,24.00,106
455,0.00,109
455,8.00,112
455,17.94,116
455,8.00,118
455,10.00,120
455,26.92,122
455,13.00,126
455,9.00,128
455,8.00,131
455,19.00,136
455,4.00,148
455,3.00,157
455,5.00,160
455,9.00,162
455,8.00,165
455,24.00,167
455,25.00,170
456,0.00,44
456,8.50,49
456,8.00,68
456,10.00,77
456,4.00,78
456,5.00,81
456,0.00,93
456,0.00,95
456,28.00,102
456,0.00,106
456,0.00,123
456,11.00,126
456,15.00,131
456,11.00,136
456,0.00,139
456,0.00,144
456,5.00,152
456,0.00,159
457,0.00,44
457,8.50,49
457,6.00,55
457,13.00,62
457,9.50,66
457,3.00,68
457,13.00,73
457,10.00,77
457,0.00,93
457,0.00,95
457,34.50,102
457,0.00,109
457,8.00,114
457,20.08,116
457,21.95,122
457,11.00,128
457,3.00,131
457,6.00,136
457,9.00,146
457,6.00,152
457,5.00,157
457,22.00,170
458,0.00,44
458,9.00,49
458,9.00,55
458,0.00,60
458,13.00,62
458,0.00,64
458,6.00,68
458,9.00,77
458,6.00,78
458,8.00,81
458,0.00,85
458,13.00,89
458,0.00,93
458,0.00,95
458,38.00,102
458,0.00,107
458,0.00,109
458,8.00,112
458,21.40,116
458,10.00,120
458,13.00,126
458,24.00,131
458,19.00,136
458,3.00,148
458,2.00,151
458,6.00,152
458,6.00,157
458,6.00,160
458,10.00,162
458,43.00,170
459,0.00,44
459,8.50,49
459,9.00,55
459,13.00,62
459,11.00,68
459,8.00,73
459,10.00,77
459,7.00,78
459,8.00,81
459,10.50,89
459,0.00,93
459,0.00,95
459,34.50,102
459,28.00,106
459,0.00,109
459,8.00,112
459,9.00,114
459,30.53,116
459,0.00,120
459,27.17,122
459,13.00,126
459,11.00,128
459,7.00,131
459,25.00,136
459,0.00,139
459,9.00,146
459,6.00,148
459,6.00,152
459,5.00,157
459,5.00,160
459,5.00,162
459,9.00,165
459,17.00,167
459,41.00,170
460,0.00,44
460,8.00,49
460,5.00,55
460,0.00,60
460,12.50,62
460,0.00,64
460,9.50,66
460,9.00,68
460,8.00,73
460,10.00,77
460,8.00,78
460,3.00,81
460,10.00,85
460,11.00,89
460,0.00,93
460,0.00,95
460,0.00,99
460,34.00,102
460,8.00,112
460,8.00,114
460,26.83,116
460,8.00,118
460,13.00,126
460,12.00,128
460,23.00,131
460,21.00,136
460,9.00,146
460,7.00,148
460,6.00,152
460,6.00,157
460,2.00,160
460,9.00,162
460,9.00,165
460,21.00,167
460,40.00,170
461,0.00,44
461,9.00,49
461,6.00,55
461,13.00,62
461,0.00,64
461,8.00,66
461,12.00,68
461,9.00,73
461,10.00,77
461,4.00,78
461,5.00,81
461,12.00,89
461,5.00,93
461,0.00,95
461,7.86,99
461,26.00,102
461,28.00,106
461,10.00,107
461,0.00,109
461,8.00,112
461,19.54,116
461,6.00,118
461,0.00,120
461,24.37,122
461,13.00,126
461,9.00,128
461,16.00,131
461,19.00,136
461,7.00,146
461,4.00,148
461,5.00,151
461,4.00,152
461,6.00,157
461,0.00,160
461,1.00,162
461,1.00,165
461,33.00,167
461,27.00,170
462,0.00,44
462,8.00,49
462,7.00,55
462,0.00,60
462,12.00,62
462,0.00,64
462,10.00,66
462,10.00,68
462,10.00,73
462,10.00,77
462,8.00,78
462,6.00,81
462,0.00,85
462,8.34,89
462,10.00,93
462,0.00,95
462,10.00,99
462,33.00,102
462,28.00,106
462,10.00,107
462,8.00,112
462,7.00,114
462,26.58,116
462,8.00,118
462,0.00,123
462,13.00,126
462,9.00,128
462,12.00,131
462,19.00,136
462,0.00,144
462,11.00,146
462,5.00,148
462,5.00,151
462,7.00,152
462,7.00,157
462,0.00,159
462,5.00,160
462,12.00,162
462,10.00,165
462,38.00,170
463,0.00,44
463,8.50,49
463,7.00,55
463,0.00,60
463,12.00,62
463,0.00,64
463,8.50,66
463,10.00,68
463,5.00,73
463,10.00,77
463,7.00,78
463,3.00,81
463,0.00,85
463,10.34,89
463,0.00,93
463,0.00,95
463,10.00,99
463,32.00,102
463,0.00,109
463,7.00,112
463,9.00,114
463,25.52,116
463,7.00,118
463,10.00,120
463,0.00,123
463,13.00,126
463,11.00,128
463,7.00,131
463,22.00,136
463,0.00,139
463,0.00,144
463,4.00,148
463,7.00,152
463,0.00,157
463,4.00,160
463,2.00,162
463,0.00,165
463,0.00,167
463,34.00,170
464,9.00,44
464,9.00,49
464,10.00,55
464,2.00,60
464,12.00,62
464,0.00,64
464,8.00,66
464,10.00,68
464,9.00,73
464,10.00,77
464,10.00,78
464,5.00,81
464,10.00,85
464,14.00,89
464,10.00,93
464,10.00,95
464,10.00,99
464,31.00,102
464,10.00,107
464,10.00,109
464,8.00,112
464,8.00,114
464,28.49,116
464,12.00,118
464,0.00,120
464,13.00,126
464,12.00,128
464,7.00,131
464,12.00,136
464,10.00,146
464,7.00,148
464,5.00,151
464,7.00,152
464,8.00,157
464,6.00,160
464,11.00,162
464,8.00,165
464,18.00,167
464,39.00,170
465,0.00,44
465,9.00,49
465,3.00,55
465,12.50,62
465,9.00,66
465,6.00,68
465,10.00,73
465,10.00,77
465,8.00,78
465,7.00,81
465,10.00,89
465,0.00,93
465,0.00,95
465,37.00,102
465,0.00,109
465,8.00,112
465,25.52,116
465,0.00,120
465,34.09,122
465,13.00,126
465,9.00,128
465,4.00,131
465,25.00,136
465,9.00,146
465,7.00,152
465,2.00,157
465,30.00,170
466,0.00,44
466,8.50,49
466,8.00,55
466,0.00,60
466,6.50,62
466,0.00,64
466,4.00,68
466,10.00,77
466,7.00,78
466,0.00,85
466,31.50,102
466,8.00,112
466,7.00,114
466,22.60,116
466,25.08,122
466,13.00,126
466,17.00,131
466,25.00,136
466,5.00,148
466,3.00,151
466,4.00,157
466,0.00,159
466,7.00,162
466,27.00,170
467,9.00,44
467,9.00,49
467,6.00,55
467,2.00,60
467,13.00,62
467,0.00,64
467,10.00,66
467,7.00,68
467,9.00,73
467,10.00,77
467,7.00,78
467,5.00,81
467,0.00,85
467,7.67,89
467,0.00,93
467,0.00,95
467,27.50,102
467,19.00,106
467,0.00,109
467,8.00,112
467,7.00,114
467,19.13,116
467,6.00,118
467,10.00,120
467,13.00,126
467,10.00,128
467,15.00,131
467,25.00,136
467,7.00,146
467,6.00,148
467,5.00,152
467,8.00,157
467,5.00,160
467,9.00,162
467,6.00,165
467,17.00,167
467,32.00,170
468,0.00,44
468,8.00,49
468,9.00,55
468,12.50,62
468,6.50,66
468,6.00,68
468,6.00,73
468,9.00,77
468,6.00,78
468,5.00,81
468,11.00,89
468,32.00,102
468,8.00,112
468,22.11,116
468,22.53,122
468,11.00,126
468,9.00,128
468,13.00,131
468,15.00,136
468,9.00,146
468,4.00,148
468,6.00,152
468,0.00,157
468,0.00,159
468,8.00,170
469,3.00,44
469,9.00,49
469,2.00,60
469,13.00,62
469,10.00,66
469,9.00,74
469,0.00,77
469,12.00,90
469,0.00,93
469,31.00,97
469,27.09,111
469,7.00,112
469,16.82,122
469,10.00,128
469,6.00,132
469,3.00,135
469,5.00,146
469,5.00,148
469,7.00,160
469,10.00,162
469,8.00,169
470,0.00,44
470,8.00,49
470,7.00,56
470,12.00,62
470,9.50,66
470,10.00,69
470,13.00,74
470,6.00,78
470,7.00,82
470,12.34,90
470,0.00,93
470,0.00,95
470,28.50,97
470,0.00,106
470,23.10,111
470,8.00,112
470,21.25,122
470,8.00,128
470,12.00,132
470,16.00,135
470,6.00,146
470,0.00,151
470,0.00,152
470,2.00,157
470,4.00,160
470,7.00,165
470,29.00,167
470,32.00,169
471,0.00,44
471,8.50,49
471,9.00,56
471,0.00,60
471,13.00,62
471,0.00,64
471,10.00,66
471,13.00,69
471,12.00,74
471,9.00,77
471,6.00,78
471,7.00,82
471,0.00,85
471,14.00,90
471,0.00,93
471,0.00,95
471,40.00,97
471,28.00,106
471,10.00,107
471,0.00,109
471,34.94,111
471,8.00,112
471,7.00,114
471,0.00,120
471,34.62,122
471,13.00,126
471,10.00,128
471,24.00,132
471,6.00,135
471,8.00,146
471,7.00,148
471,5.00,151
471,7.00,152
471,6.00,157
471,6.00,160
471,10.00,162
471,10.00,165
471,29.00,167
471,36.00,169
472,0.00,44
473,3.00,44
473,8.50,49
473,6.00,56
473,2.00,60
473,12.00,62
473,0.00,64
473,8.50,66
473,14.00,69
473,10.00,74
473,10.00,77
473,6.00,78
473,8.00,82
473,0.00,85
473,13.00,90
473,0.00,93
473,0.00,95
473,35.50,97
473,0.00,99
473,28.00,106
473,29.51,111
473,7.00,112
473,8.00,114
473,9.00,118
473,13.00,126
473,10.00,128
473,27.00,132
473,15.00,135
473,6.00,146
473,6.00,148
473,4.00,151
473,7.00,152
473,4.00,157
473,8.00,165
473,39.00,169
474,0.00,44
474,9.00,49
474,10.00,56
474,12.00,62
474,9.50,66
474,12.00,69
474,12.00,74
474,10.00,77
474,8.00,78
474,9.00,82
474,10.00,85
474,14.00,90
474,0.00,93
474,0.00,95
474,37.00,97
474,10.00,99
474,30.00,106
474,10.00,107
474,0.00,109
474,36.78,111
474,8.00,112
474,10.00,114
474,11.00,118
474,29.20,122
474,13.00,126
474,11.00,128
474,18.00,132
474,15.00,135
474,9.00,146
474,3.00,148
474,8.00,157
474,7.00,160
474,9.00,162
474,10.00,165
474,32.00,167
474,31.00,169
475,0.00,44
475,9.00,49
475,9.00,56
475,0.00,60
475,13.00,62
475,0.00,64
475,10.00,66
475,11.00,69
475,9.00,74
475,10.00,77
475,8.00,78
475,4.00,82
475,10.00,85
475,8.00,90
475,0.00,93
475,0.00,95
475,39.00,97
475,10.00,99
475,30.00,106
475,10.00,107
475,10.00,109
475,38.43,111
475,8.00,112
475,9.00,114
475,10.00,120
475,32.57,122
475,13.00,126
475,11.00,128
475,20.00,132
475,25.00,135
475,10.00,146
475,5.00,148
475,4.00,151
475,9.00,157
475,6.00,160
475,11.00,162
475,7.00,165
475,27.00,167
475,44.00,169
476,0.00,44
476,8.50,49
476,9.00,56
476,0.00,60
476,11.50,62
476,0.00,64
476,7.50,66
476,8.00,69
476,10.00,74
476,5.00,77
476,6.00,78
476,6.00,82
476,0.00,85
476,15.00,90
476,0.00,93
476,0.00,95
476,32.50,97
476,0.00,99
476,10.00,106
476,10.00,107
476,0.00,109
476,13.36,111
476,6.00,112
476,7.00,118
476,10.00,120
476,28.21,122
476,12.00,126
476,9.00,128
476,11.00,132
476,12.00,135
476,1.00,146
476,4.00,148
476,2.00,151
476,5.00,157
476,5.00,160
476,10.00,162
476,5.00,165
476,28.00,167
476,44.00,169
477,0.00,44
477,9.00,49
477,10.00,56
477,0.00,60
477,13.00,62
477,0.00,64
477,10.00,66
477,11.00,69
477,10.00,74
477,5.00,78
477,6.00,82
477,0.00,85
477,15.00,90
477,0.00,93
477,0.00,95
477,37.00,97
477,0.00,99
477,28.00,106
477,10.00,107
477,0.00,109
477,28.78,111
477,8.00,112
477,9.00,114
477,11.00,118
477,10.00,120
477,33.55,122
477,0.00,123
477,13.00,126
477,11.00,128
477,22.00,132
477,21.00,135
477,0.00,139
477,0.00,144
477,9.00,146
477,7.00,148
477,1.00,151
477,6.00,157
477,0.00,159
477,5.00,160
477,8.00,162
477,7.00,165
477,21.00,167
477,49.00,169
478,0.00,44
478,8.50,49
478,9.00,56
478,0.00,60
478,13.00,62
478,10.00,64
478,9.50,66
478,13.00,69
478,12.00,74
478,9.00,77
478,5.00,78
478,9.00,82
478,10.00,85
478,16.00,90
478,0.00,93
478,0.00,95
478,37.50,97
478,15.00,106
478,10.00,107
478,0.00,109
478,27.61,111
478,8.00,112
478,6.00,114
478,8.00,118
478,10.00,120
478,13.00,126
478,12.00,128
478,16.00,132
478,16.00,135
478,7.00,146
478,2.00,148
478,7.00,157
478,5.00,160
478,4.00,162
478,9.00,165
478,27.00,167
478,34.00,169
479,0.00,44
479,7.00,49
479,7.00,56
479,0.00,64
479,5.00,66
479,7.00,69
479,7.00,74
479,9.00,77
479,6.00,82
479,10.00,85
479,0.00,93
479,0.00,95
479,31.00,97
479,26.00,106
479,10.00,107
479,0.00,109
479,6.91,111
479,7.00,112
479,13.00,126
479,0.00,128
479,18.00,132
479,6.00,135
479,7.00,146
479,5.00,151
479,6.00,152
479,3.00,157
479,3.00,162
479,24.00,169
480,0.00,44
480,6.50,49
480,6.00,56
480,0.00,60
480,13.00,62
480,0.00,64
480,8.50,66
480,14.00,69
480,12.00,74
480,10.00,77
480,6.00,78
480,10.00,82
480,12.00,90
480,10.00,93
480,7.62,95
480,32.00,97
480,26.00,106
480,10.00,107
480,10.00,109
480,25.02,111
480,7.00,112
480,8.00,114
480,10.00,118
480,10.00,120
480,13.00,126
480,10.00,128
480,13.00,132
480,21.00,135
480,5.00,146
480,7.00,148
480,5.00,151
480,7.00,152
480,7.00,157
480,2.00,160
480,10.00,162
480,25.00,169
481,0.00,44
481,9.00,49
481,10.00,56
481,0.00,60
481,13.00,62
481,0.00,64
481,10.00,66
481,14.00,69
481,13.00,74
481,10.00,77
481,8.00,78
481,9.00,82
481,10.00,85
481,15.34,90
481,10.00,93
481,10.00,95
481,39.50,97
481,10.00,99
481,30.00,106
481,10.00,107
481,10.00,109
481,40.00,111
481,8.00,112
481,10.00,114
481,11.00,118
481,10.00,120
481,33.86,122
481,0.00,123
481,13.00,126
481,12.00,128
481,36.00,132
481,25.00,135
481,0.00,139
481,0.00,144
481,9.00,146
481,7.00,148
481,5.00,151
481,7.00,152
481,6.00,157
481,0.00,159
481,5.00,160
481,10.00,162
481,9.00,165
481,29.00,167
481,45.00,169
482,0.00,44
482,8.00,49
482,9.00,56
482,7.00,62
482,8.50,66
482,8.00,69
482,10.00,74
482,4.00,78
482,5.00,82
482,0.00,85
482,8.34,90
482,0.00,93
482,0.00,95
482,25.00,97
482,21.00,106
482,0.00,107
482,0.00,109
482,25.07,111
482,8.00,112
482,9.00,114
482,10.00,120
482,11.00,126
482,1.00,128
482,3.00,132
482,3.00,135
482,4.00,146
482,4.00,148
482,2.00,160
482,3.00,162
482,27.00,169
483,0.00,44
483,9.00,49
483,8.00,56
483,13.00,62
483,6.00,66
483,13.00,69
483,10.00,74
483,8.00,78
483,7.00,82
483,12.34,90
483,0.00,93
483,33.00,97
483,29.12,111
483,7.00,112
483,30.91,122
483,12.00,126
483,9.00,128
483,8.00,132
483,15.00,135
483,5.00,146
483,1.00,157
483,5.00,160
483,10.00,162
483,39.00,169
484,0.00,44
484,8.50,49
484,10.00,56
484,0.00,60
484,12.50,62
484,0.00,64
484,9.00,66
484,14.00,69
484,10.00,74
484,9.00,77
484,8.00,78
484,7.00,82
484,15.00,90
484,0.00,93
484,0.00,95
484,37.50,97
484,28.00,106
484,10.00,107
484,0.00,109
484,36.32,111
484,8.00,112
484,9.00,114
484,10.00,120
484,32.67,122
484,12.00,126
484,12.00,128
484,24.00,132
484,19.00,135
484,9.00,146
484,6.00,148
484,5.00,151
484,5.00,152
484,6.00,157
484,3.00,160
484,11.00,162
484,10.00,165
484,20.00,167
484,49.00,169
485,2.00,44
485,8.50,49
485,10.00,56
485,12.50,62
485,8.50,66
485,13.00,69
485,11.00,74
485,9.00,77
485,10.00,78
485,6.00,82
485,14.00,90
485,10.00,93
485,10.00,95
485,36.50,97
485,0.00,99
485,10.00,107
485,10.00,109
485,25.67,111
485,8.00,112
485,10.00,118
485,11.00,126
485,12.00,128
485,9.00,132
485,17.00,135
485,8.00,146
485,6.00,148
485,4.00,151
485,6.00,152
485,5.00,157
485,8.00,165
485,4.00,167
485,49.00,169
486,9.00,44
486,9.00,49
486,10.00,56
486,2.00,60
486,13.00,62
486,10.00,64
486,10.00,66
486,13.00,69
486,12.00,74
486,10.00,77
486,8.00,78
486,7.00,82
486,13.34,90
486,10.00,93
486,0.00,95
486,39.50,97
486,24.00,106
486,10.00,107
486,0.00,109
486,38.10,111
486,8.00,112
486,9.00,114
486,10.00,118
486,10.00,120
486,31.82,122
486,0.00,123
486,13.00,126
486,10.00,128
486,10.00,132
486,21.00,135
486,0.00,144
486,10.00,146
486,4.00,148
486,3.00,151
486,5.00,152
486,7.00,157
486,3.00,160
486,10.00,162
486,7.00,165
486,26.00,167
486,44.00,169
487,0.00,44
487,6.00,56
487,13.00,62
487,6.00,66
487,13.00,74
487,20.00,97
487,0.00,109
487,25.50,111
487,8.00,112
487,10.00,126
487,2.00,128
487,7.00,132
487,6.00,135
487,7.00,146
487,10.00,169
488,0.00,44
488,9.00,49
488,10.00,56
488,13.00,62
488,10.00,66
488,13.00,69
488,11.00,74
488,9.00,77
488,5.00,78
488,7.00,82
488,10.00,85
488,15.00,90
488,10.00,93
488,6.76,95
488,36.00,97
488,10.00,99
488,28.00,106
488,10.00,107
488,10.00,109
488,32.30,111
488,8.00,112
488,9.00,114
488,10.00,120
488,29.39,122
488,13.00,126
488,12.00,128
488,22.00,132
488,25.00,135
488,8.00,146
488,5.00,148
488,5.00,151
488,7.00,152
488,6.00,157
488,10.00,165
488,25.00,167
488,44.00,169
489,0.00,44
489,8.50,49
489,8.00,56
489,0.00,60
489,13.00,62
489,0.00,64
489,10.00,66
489,8.00,69
489,8.00,74
489,10.00,77
489,8.00,78
489,6.00,82
489,10.00,85
489,13.00,90
489,10.00,93
489,0.00,95
489,36.00,97
489,0.00,99
489,4.00,106
489,10.00,107
489,10.00,109
489,31.94,111
489,7.00,112
489,9.00,114
489,7.00,118
489,10.00,120
489,33.18,122
489,12.00,126
489,11.00,128
489,24.00,132
489,21.00,135
489,6.00,146
489,6.00,148
489,9.00,157
489,8.00,162
489,7.00,165
489,7.00,167
489,49.00,169
490,0.00,44
490,7.00,49
490,8.00,56
490,12.00,62
490,6.50,66
490,10.00,69
490,7.00,74
490,4.00,90
490,0.00,93
490,0.00,95
490,20.00,97
490,0.00,99
490,8.75,111
490,8.00,112
490,11.00,126
490,0.00,132
490,6.00,135
490,1.00,157
490,5.00,169
491,0.00,44
491,9.00,49
491,10.00,56
491,10.00,62
491,12.00,69
491,11.00,74
491,5.00,78
491,5.00,82
491,10.00,85
491,9.34,90
491,8.57,93
491,4.29,95
491,23.00,97
491,0.00,99
491,10.00,107
491,10.00,109
491,31.22,111
491,7.00,112
491,7.00,114
491,7.00,118
491,10.00,120
491,6.00,126
491,8.00,128
491,5.00,132
491,8.00,135
491,7.00,146
491,2.00,148
491,8.00,157
491,6.00,160
491,10.00,162
491,5.00,165
491,5.00,167
491,17.00,171
492,0.00,44
492,9.00,49
492,10.00,56
492,0.00,60
492,9.00,62
492,0.00,64
492,9.00,66
492,6.00,69
492,11.00,74
492,7.00,78
492,7.00,82
492,9.34,90
492,0.00,93
492,7.14,95
492,36.00,97
492,9.17,107
492,27.27,111
492,7.00,112
492,6.00,118
492,0.00,120
492,11.00,126
492,11.00,128
492,10.00,132
492,16.00,135
492,2.00,148
492,6.00,157
492,6.00,160
492,8.00,162
492,7.00,165
492,25.00,167
492,45.00,169
493,0.00,44
493,8.50,49
494,4.00,44
494,9.00,49
494,10.00,56
494,13.00,62
494,8.00,66
494,13.00,69
494,11.00,74
494,7.00,78
494,6.00,82
494,9.34,90
494,0.00,93
494,0.00,95
494,36.50,97
494,25.43,111
494,8.00,112
494,12.00,126
494,15.00,132
494,17.00,135
494,4.00,146
494,5.00,157
494,5.00,160
494,9.00,162
494,10.00,165
494,14.00,167
494,21.00,169
495,0.00,44
495,7.50,49
495,6.00,56
495,0.00,60
495,12.00,62
495,0.00,64
495,10.00,66
495,7.00,69
495,11.00,74
495,10.00,77
495,8.00,78
495,10.00,82
495,10.00,85
495,12.00,90
495,10.00,93
495,4.76,95
495,35.00,97
495,0.00,99
495,26.00,106
495,0.00,109
495,34.68,111
495,7.00,112
495,10.00,120
495,0.00,123
495,13.00,126
495,8.00,128
495,25.00,132
495,21.00,135
495,0.00,139
495,0.00,144
495,4.00,148
495,4.00,157
495,0.00,159
495,5.00,160
495,10.00,162
495,7.00,165
495,26.00,167
495,44.00,169
496,0.00,44
496,6.00,56
496,11.00,69
496,7.00,78
496,6.00,82
496,0.00,85
496,6.34,90
496,0.00,93
496,0.00,95
496,19.50,97
496,0.00,109
496,15.79,111
496,8.00,112
496,0.00,120
496,30.87,122
496,11.00,126
496,22.00,132
496,12.00,135
496,6.00,146
496,0.00,157
496,34.00,169
497,0.00,44
497,8.00,49
497,9.00,56
497,0.00,60
497,10.50,62
497,0.00,64
497,7.50,66
497,7.00,69
497,8.00,74
497,4.00,77
497,7.00,78
497,11.34,90
497,0.00,93
497,0.00,95
497,38.00,97
497,25.75,111
497,8.00,112
497,0.00,123
497,12.00,126
497,7.00,128
497,9.00,132
497,21.00,135
497,0.00,139
497,7.00,146
497,5.00,148
497,3.00,157
497,0.00,159
497,34.00,169
498,0.00,44
498,9.00,49
498,10.00,56
498,0.00,60
498,12.00,62
498,0.00,64
498,9.50,66
498,11.00,69
498,10.00,74
498,10.00,77
498,8.00,78
498,7.00,82
498,10.00,85
498,16.00,90
498,10.00,93
498,10.00,95
498,36.50,97
498,10.00,99
498,10.00,107
498,0.00,109
498,19.53,111
498,8.00,112
498,9.00,114
498,9.00,118
498,0.00,120
498,25.64,122
498,13.00,126
498,11.00,128
498,9.00,132
498,10.00,135
498,9.00,146
498,7.00,148
498,5.00,151
498,6.00,157
498,4.00,160
498,11.00,162
498,9.00,165
498,29.00,167
498,48.00,169
499,0.00,44
499,8.00,49
499,13.00,62
499,0.00,64
499,8.50,66
499,8.00,69
499,11.00,74
499,10.00,77
499,3.00,78
499,1.00,82
499,10.00,85
499,6.34,90
499,10.00,93
499,10.00,95
499,33.00,97
499,24.00,106
499,10.00,107
499,10.00,109
499,17.47,111
499,8.00,112
499,8.00,114
499,9.00,118
499,10.00,120
499,30.61,122
499,13.00,126
499,6.00,128
499,25.00,132
499,21.00,135
499,5.00,157
499,1.00,160
499,11.00,162
499,36.00,169
500,9.00,44
500,7.50,49
500,9.00,56
500,0.00,60
500,13.00,62
500,0.00,64
500,9.50,66
500,11.00,69
500,7.00,74
500,10.00,77
500,8.00,78
500,6.00,82
500,10.34,90
500,0.00,93
500,0.00,95
500,37.00,97
500,10.00,107
500,0.00,109
500,28.72,111
500,7.00,112
500,4.00,118
500,13.00,126
500,9.00,128
500,3.00,132
500,10.00,135
500,9.00,146
500,4.00,148
500,4.00,151
500,7.00,152
500,6.00,157
500,3.00,160
500,5.00,162
500,7.00,165
500,26.00,167
500,43.00,169
501,0.00,44
501,8.00,56
501,0.00,60
501,13.00,62
501,0.00,64
501,7.00,66
501,8.00,74
501,7.00,77
501,4.00,82
501,5.34,90
501,0.00,93
501,27.00,97
501,0.00,99
501,16.00,106
501,0.00,109
501,9.93,111
501,6.00,112
501,7.00,118
501,10.00,120
501,13.00,126
501,11.00,128
501,8.00,132
501,6.00,135
501,8.00,146
501,3.00,148
501,5.00,151
501,5.00,152
501,2.00,160
501,6.00,162
501,33.00,169
502,0.00,44
502,7.00,49
502,10.00,56
502,0.00,60
502,11.00,62
502,0.00,64
502,10.00,66
502,12.00,69
502,11.00,74
502,10.00,77
502,8.00,78
502,7.00,82
502,10.00,85
502,13.00,90
502,0.00,93
502,0.00,95
502,39.00,97
502,10.00,99
502,28.00,106
502,10.00,107
502,10.00,109
502,36.47,111
502,8.00,112
502,10.00,118
502,10.00,120
502,12.00,126
502,9.00,128
502,20.00,132
502,17.00,135
502,8.00,146
502,6.00,148
502,5.00,151
502,7.00,152
502,4.00,157
502,5.00,160
502,9.00,162
502,7.00,165
502,15.00,167
502,40.00,169
503,9.00,44
503,8.50,49
503,10.00,56
503,2.00,60
503,13.00,62
503,0.00,64
503,9.00,66
503,12.00,69
503,10.00,74
503,10.00,77
503,6.00,78
503,4.00,82
503,10.00,85
503,5.00,90
503,10.00,93
503,5.24,95
503,36.50,97
503,0.00,99
503,30.00,106
503,10.00,107
503,10.00,109
503,19.26,111
503,8.00,112
503,9.00,114
503,8.00,118
503,10.00,120
503,30.94,122
503,13.00,126
503,10.00,128
503,12.00,132
503,21.00,135
503,9.00,146
503,7.00,148
503,5.00,151
503,7.00,152
503,6.00,157
503,5.00,160
503,11.00,162
503,2.00,165
503,14.00,167
503,42.00,169
504,0.00,44
504,6.50,49
504,10.00,56
504,0.00,60
504,12.50,62
504,0.00,64
504,7.50,66
504,11.00,74
504,0.00,77
504,5.00,82
504,10.00,85
504,10.00,90
504,0.00,93
504,0.00,95
504,26.50,97
504,18.00,106
504,0.00,109
504,15.19,111
504,8.00,112
504,0.00,120
504,13.00,126
504,2.00,132
504,6.00,135
504,8.00,146
504,1.00,148
504,5.00,157
504,11.00,169
505,0.00,44
505,9.00,56
505,0.00,60
505,12.00,62
505,0.00,64
505,10.00,66
505,12.00,69
505,12.00,74
505,10.00,77
505,8.00,78
505,8.00,82
505,0.00,85
505,16.00,90
505,0.00,93
505,0.00,95
505,38.50,97
505,10.00,99
505,28.00,106
505,10.00,107
505,10.00,109
505,35.99,111
505,8.00,112
505,9.00,118
505,10.00,120
505,32.61,122
505,13.00,126
505,12.00,128
505,32.00,132
505,25.00,135
505,9.00,146
505,6.00,148
505,5.00,151
505,4.00,157
505,0.00,159
505,4.00,160
505,8.00,162
505,6.00,165
505,32.00,167
505,42.00,169
506,0.00,44
506,8.50,49
506,8.00,56
506,0.00,60
506,7.50,62
506,8.50,66
506,13.00,69
506,11.00,74
506,8.00,77
506,8.00,78
506,8.00,82
506,0.00,85
506,10.34,90
506,0.00,93
506,8.10,95
506,30.00,97
506,22.00,106
506,10.00,107
506,10.00,109
506,25.78,111
506,6.00,112
506,10.00,118
506,10.00,120
506,25.82,122
506,0.00,123
506,11.00,126
506,10.00,128
506,19.00,132
506,14.00,135
506,0.00,139
506,0.00,144
506,6.00,146
506,4.00,148
506,0.00,151
506,1.00,152
506,1.00,157
506,0.00,159
506,5.00,160
506,8.00,162
506,7.00,165
506,25.00,167
506,38.00,169
507,3.00,44
507,9.00,49
507,9.00,56
507,2.00,60
507,12.00,62
507,1.00,64
507,9.00,66
507,12.00,69
507,10.00,74
507,10.00,77
507,6.00,78
507,7.00,82
507,0.00,85
507,0.00,93
507,0.00,95
507,39.50,97
507,10.00,99
507,30.00,106
507,10.00,107
507,10.00,109
507,23.05,111
507,8.00,112
507,7.00,114
507,8.00,118
507,10.00,120
507,13.00,126
507,9.00,128
507,24.00,132
507,21.00,135
507,0.00,144
507,11.00,146
507,4.00,148
507,5.00,151
507,7.00,152
507,7.00,157
507,2.00,160
507,9.00,162
507,10.00,165
507,8.00,167
507,40.00,169
508,0.00,44
508,8.00,49
508,10.00,56
508,0.00,60
508,11.50,62
508,0.00,64
508,7.50,66
508,11.00,69
508,13.00,74
508,6.00,77
508,9.00,78
508,4.00,82
508,10.00,85
508,9.01,90
508,0.00,93
508,0.00,95
508,36.00,97
508,0.00,107
508,29.79,111
508,7.00,112
508,10.00,120
508,22.76,122
508,10.00,126
508,3.00,132
508,14.00,135
508,8.00,146
508,5.00,169
509,7.00,44
509,8.00,49
509,6.00,56
509,0.00,60
509,13.00,62
509,0.00,64
509,9.50,66
509,10.00,69
509,10.00,77
509,5.00,82
509,0.00,85
509,4.67,90
509,0.00,93
509,33.00,97
509,22.00,106
509,19.59,111
509,8.00,112
509,10.00,120
509,23.99,122
509,10.00,126
509,5.00,132
509,6.00,135
509,10.00,146
509,3.00,148
509,5.00,151
509,6.00,152
509,5.00,160
509,10.00,162
509,8.00,165
509,0.00,167
509,27.00,169
510,0.00,44
510,8.00,49
510,7.00,56
510,0.00,60
510,12.50,62
510,10.00,64
510,5.50,66
510,11.00,69
510,5.00,74
510,10.00,77
510,4.00,78
510,4.00,82
510,15.00,90
510,0.00,93
510,37.50,97
510,17.00,106
510,10.00,107
510,0.00,109
510,20.96,111
510,8.00,112
510,9.00,114
510,11.00,118
510,13.00,126
510,7.00,128
510,9.00,132
510,15.00,135
510,10.00,146
510,3.00,148
510,1.00,151
510,6.00,157
510,10.00,165
510,7.00,167
510,23.00,169
511,0.00,44
511,9.00,49
511,7.00,56
511,0.00,60
511,7.00,62
511,0.00,64
511,9.50,66
511,12.00,69
511,12.00,74
511,10.00,77
511,7.00,78
511,7.00,82
511,10.00,85
511,15.34,90
511,0.00,93
511,0.00,95
511,36.50,97
511,10.00,99
511,27.00,106
511,10.00,107
511,10.00,109
511,33.93,111
511,8.00,112
511,9.00,114
511,10.00,120
511,27.23,122
511,0.00,123
511,13.00,126
511,8.00,128
511,7.00,132
511,17.00,135
511,0.00,139
511,0.00,144
511,9.00,146
511,5.00,148
511,5.00,151
511,0.00,157
511,0.00,159
511,5.00,160
511,9.00,162
511,7.00,165
511,25.00,167
511,43.00,169
512,0.00,44
512,9.00,49
512,9.00,56
512,0.00,60
512,13.00,62
512,0.00,64
512,9.50,66
512,12.00,69
512,10.00,74
512,6.00,78
512,3.00,82
512,10.34,90
512,0.00,93
512,0.00,95
512,37.00,97
512,19.76,111
512,8.00,112
512,9.00,118
512,12.00,126
512,13.00,132
512,21.00,135
512,8.00,146
512,8.00,157
512,2.00,162
512,9.00,165
512,16.00,169
513,0.00,44
513,8.50,49
513,9.00,57
513,0.00,60
513,11.50,62
513,0.00,64
513,9.00,66
513,8.00,70
513,9.00,77
513,5.00,78
513,5.00,83
513,10.00,85
513,16.00,91
513,0.00,93
513,0.00,95
513,31.00,97
513,0.00,99
513,10.00,106
513,10.00,107
513,0.00,109
513,15.28,111
513,8.00,112
513,10.00,120
513,32.34,122
513,13.00,126
513,9.00,128
513,15.00,133
513,21.00,138
513,8.00,146
513,5.00,148
513,5.00,151
513,5.00,152
513,3.00,157
513,5.00,160
513,10.00,165
513,24.00,167
513,45.00,171
514,0.00,44
514,8.50,49
514,10.00,57
514,13.00,62
514,10.00,66
514,14.00,70
514,13.00,75
514,10.00,77
514,7.00,78
514,9.00,83
514,10.00,85
514,15.00,91
514,0.00,93
514,0.00,95
514,34.00,97
514,10.00,99
514,10.00,107
514,0.00,109
514,16.33,111
514,8.00,112
514,8.00,114
514,5.00,118
514,19.21,122
514,13.00,126
514,11.00,128
514,16.00,133
514,25.00,138
514,6.00,146
514,6.00,148
514,5.00,151
514,5.00,152
514,7.00,157
514,10.00,165
514,32.00,167
514,35.00,171
515,2.00,44
515,7.50,49
515,10.00,57
515,1.00,60
515,12.00,62
515,7.50,66
515,10.00,70
515,12.00,75
515,10.00,77
515,6.00,83
515,0.00,85
515,0.00,91
515,10.00,93
515,10.00,95
515,23.50,97
515,0.00,99
515,30.00,106
515,10.00,107
515,30.35,111
515,8.00,112
515,5.00,114
515,9.00,126
515,11.00,128
515,13.00,133
515,25.00,138
515,0.00,144
515,10.00,146
515,3.00,148
515,4.00,157
515,0.00,159
515,2.00,160
515,8.00,162
515,1.00,165
515,16.00,171
516,0.00,44
516,9.00,49
516,9.00,57
516,13.00,62
516,0.00,64
516,10.00,66
516,11.00,70
516,7.00,75
516,10.00,77
516,9.00,78
516,8.00,83
516,10.00,85
516,9.67,91
516,0.00,93
516,0.00,95
516,36.50,97
516,0.00,99
516,24.00,106
516,10.00,107
516,10.00,109
516,27.35,111
516,8.00,112
516,9.00,118
516,10.00,120
516,29.99,122
516,0.00,123
516,13.00,126
516,9.00,128
516,17.00,133
516,25.00,138
516,0.00,139
516,0.00,144
516,10.00,146
516,6.00,148
516,3.00,151
516,7.00,152
516,6.00,157
516,0.00,159
516,5.00,160
516,6.00,162
516,45.00,171
517,3.00,44
517,9.00,49
517,0.00,60
517,13.00,62
517,0.00,64
517,10.00,66
517,14.00,69
517,9.00,74
517,10.00,77
517,6.00,78
517,7.00,82
517,0.00,85
517,13.00,90
517,0.00,93
517,0.00,95
517,25.50,97
517,26.00,106
517,14.42,111
517,8.00,112
517,9.00,114
517,8.00,118
517,11.00,126
517,10.00,128
517,5.00,132
517,17.00,135
517,0.00,139
517,0.00,144
517,4.00,146
517,7.00,148
517,2.00,151
517,7.00,152
517,7.00,157
517,2.00,160
517,10.00,162
517,2.00,165
517,31.00,169
518,0.00,44
518,8.00,49
518,9.00,75
518,0.00,85
518,11.00,91
518,0.00,93
518,22.50,97
518,0.00,99
518,27.00,106
518,10.00,107
518,10.00,109
518,29.54,111
518,8.00,112
518,26.55,122
518,10.00,126
518,22.00,133
518,16.00,138
518,7.00,146
518,4.00,152
518,6.00,157
518,5.00,162
518,6.00,165
518,27.00,171
519,0.00,44
519,8.50,49
519,9.00,57
519,11.50,62
519,7.50,66
519,12.00,70
519,11.00,75
519,3.00,77
519,7.00,83
519,0.00,85
519,9.00,91
519,24.00,97
519,23.34,111
519,8.00,112
519,10.00,120
519,13.00,126
519,8.00,128
519,21.00,133
519,9.00,138
519,5.00,146
519,2.00,151
519,4.00,152
519,0.00,159
519,10.00,162
519,9.00,171
520,9.00,44
520,9.00,49
520,8.00,57
520,2.00,60
520,13.00,62
520,0.00,64
520,10.00,66
520,11.00,70
520,10.00,75
520,10.00,77
520,10.00,78
520,8.00,83
520,10.00,85
520,12.00,91
520,0.00,93
520,0.00,95
520,34.00,97
520,10.00,99
520,30.00,106
520,10.00,107
520,0.00,109
520,35.15,111
520,8.00,112
520,9.00,114
520,10.00,118
520,10.00,120
520,31.61,122
520,0.00,123
520,13.00,126
520,12.00,128
520,29.00,133
520,21.00,138
520,0.00,139
520,0.00,144
520,9.00,146
520,8.00,148
520,5.00,151
520,7.00,152
520,7.00,157
520,0.00,159
520,6.00,160
520,11.00,162
520,8.00,165
520,32.00,167
520,46.00,171
521,7.00,62
521,9.00,66
521,8.00,70
522,0.00,44
522,8.00,57
522,0.00,60
522,13.00,62
522,9.50,66
522,13.00,70
522,8.00,75
522,10.00,77
522,9.00,78
522,8.00,83
522,0.00,85
522,12.01,91
522,0.00,93
522,0.00,95
522,33.50,97
522,0.00,99
522,22.00,106
522,1.31,107
522,10.00,109
522,16.94,111
522,8.00,112
522,8.00,114
522,0.00,120
522,25.48,122
522,11.00,126
522,11.00,128
522,18.00,133
522,19.00,138
522,4.00,148
522,3.00,151
522,6.00,152
522,2.00,157
522,5.00,160
522,9.00,162
522,6.00,165
522,7.00,167
522,22.00,171
523,0.00,44
523,9.00,49
523,12.00,62
523,9.00,66
523,9.00,70
523,11.00,75
523,10.00,77
523,6.00,78
523,9.00,83
523,10.00,85
523,14.34,91
523,0.00,93
523,0.00,95
523,38.00,97
523,0.00,99
523,23.00,106
523,0.00,109
523,35.87,111
523,9.00,114
523,9.00,118
523,0.00,120
523,0.00,123
523,12.00,126
523,10.00,128
523,23.00,133
523,25.00,138
523,0.00,144
523,7.00,146
523,5.00,148
523,7.00,152
523,2.00,157
523,0.00,159
523,5.00,160
523,8.00,162
523,8.00,165
523,29.00,167
523,44.00,171
524,0.00,44
524,8.00,49
524,10.00,57
524,0.00,60
524,13.00,62
524,0.00,64
524,10.00,66
524,14.00,70
524,13.00,75
524,10.00,77
524,10.00,78
524,4.00,83
524,0.00,85
524,15.00,91
524,6.93,93
524,4.76,95
524,37.50,97
524,0.00,99
524,23.00,106
524,0.00,107
524,0.00,109
524,23.59,111
524,8.00,112
524,9.00,114
524,10.00,118
524,10.00,120
524,26.10,122
524,13.00,126
524,10.00,128
524,14.00,133
524,16.00,138
524,9.00,146
524,5.00,148
524,7.00,152
524,6.00,157
524,5.00,160
524,10.00,162
524,5.00,165
524,26.00,167
524,46.00,171
525,0.00,44
525,9.00,49
525,10.00,57
525,13.00,62
525,9.00,66
525,9.00,70
525,11.00,75
525,10.00,77
525,8.00,78
525,8.00,83
525,12.00,91
525,0.00,93
525,0.00,95
525,36.00,97
525,0.00,99
525,15.00,106
525,0.00,109
525,29.33,111
525,8.00,112
525,7.00,114
525,10.00,120
525,12.00,126
525,10.00,128
525,22.00,133
525,25.00,138
525,9.00,146
525,3.00,148
525,5.00,151
525,6.00,152
525,9.00,157
525,4.00,160
525,10.00,162
525,10.00,165
525,18.00,167
525,49.00,171
526,0.00,44
526,9.00,49
526,10.00,57
526,12.00,62
526,9.00,66
526,14.00,70
526,11.00,75
526,9.00,78
526,7.00,83
526,10.00,85
526,12.00,91
526,0.00,95
526,17.00,97
526,30.00,106
526,10.00,107
526,0.00,109
526,34.35,111
526,8.00,112
526,8.00,114
526,8.00,118
526,10.00,120
526,30.97,122
526,10.00,126
526,10.00,128
526,12.00,133
526,13.00,138
526,4.00,152
526,0.00,162
526,17.00,171
527,0.00,44
527,8.00,49
527,7.00,57
527,0.00,60
527,10.00,62
527,0.00,64
527,9.50,66
527,8.00,70
527,7.00,75
527,10.00,77
527,9.00,78
527,7.00,83
527,10.00,85
527,11.00,91
527,0.00,93
527,0.00,95
527,36.00,97
527,10.00,99
527,21.00,106
527,24.90,111
527,8.00,112
527,9.00,114
527,9.00,118
527,13.00,126
527,10.00,128
527,14.00,133
527,25.00,138
527,11.00,146
527,5.00,148
527,5.00,151
527,7.00,152
527,6.00,157
527,5.00,160
527,9.00,162
527,44.00,171
528,0.00,44
528,8.50,49
528,8.00,57
528,13.00,62
528,8.50,66
528,11.00,70
528,10.00,77
528,5.00,78
528,5.00,83
528,0.00,85
528,9.34,91
528,0.00,93
528,35.00,97
528,0.00,99
528,0.00,109
528,21.91,111
528,8.00,112
528,13.00,126
528,23.00,133
528,25.00,138
528,10.00,146
528,3.00,148
528,5.00,151
528,7.00,152
528,1.00,157
528,1.00,165
528,4.00,167
528,32.00,171
529,0.00,44
529,8.50,49
529,7.00,57
529,6.50,62
529,6.50,66
529,11.00,70
529,6.00,77
529,7.00,78
529,6.00,83
529,0.00,95
529,4.50,97
529,10.00,99
529,6.94,111
529,0.00,133
529,17.00,138
529,5.00,152
529,2.00,157
529,23.00,171
530,0.00,44
530,9.00,49
531,0.00,44
531,8.00,49
531,12.00,62
531,9.50,66
531,10.00,70
531,10.00,77
531,7.00,78
531,5.00,83
531,0.00,85
531,8.34,91
531,10.00,93
531,10.00,95
531,24.00,97
531,0.00,99
531,24.00,106
531,10.00,107
531,10.00,109
531,8.40,111
531,8.00,112
531,10.00,120
531,9.00,126
531,9.00,128
531,13.00,133
531,12.00,138
531,6.00,146
531,2.00,151
531,6.00,152
531,1.00,157
531,0.00,160
531,5.00,162
531,6.00,165
531,7.00,167
531,37.00,171
532,2.00,44
532,7.00,49
532,2.00,60
532,10.50,62
532,8.00,66
532,8.00,75
532,10.00,77
532,5.00,78
532,0.00,85
532,12.00,91
532,0.00,93
532,0.00,95
532,32.00,97
532,15.00,106
532,7.71,111
532,8.00,112
532,9.00,114
532,8.00,118
532,0.00,120
532,11.56,122
532,13.00,126
532,8.00,128
532,21.00,133
532,25.00,138
532,3.00,152
532,6.00,157
532,1.00,160
532,10.00,162
532,1.00,165
532,40.00,171
533,0.00,44
533,8.00,49
533,6.00,57
533,0.00,60
533,10.00,62
533,0.00,64
533,8.50,66
533,7.00,70
533,7.00,75
533,9.00,77
533,8.00,78
533,6.00,83
533,10.00,85
533,10.00,93
533,10.00,95
533,35.00,97
533,10.00,99
533,24.00,106
533,10.00,107
533,10.00,109
533,29.86,111
533,8.00,112
533,7.00,114
533,5.00,118
533,0.00,120
533,27.15,122
533,13.00,126
533,11.00,128
533,17.00,133
533,22.00,138
533,11.00,146
533,4.00,148
533,5.00,151
533,7.00,152
533,0.00,157
533,0.00,159
533,2.00,160
533,10.00,162
533,4.00,165
533,16.00,167
533,44.00,171
534,3.00,44
534,8.50,49
534,9.00,57
534,0.00,60
534,11.50,62
534,0.00,64
534,10.00,66
534,12.00,70
534,10.00,75
534,10.00,77
534,8.00,78
534,6.00,83
534,10.00,85
534,7.00,91
534,10.00,93
534,0.00,95
534,33.50,97
534,10.00,99
534,30.00,106
534,0.00,107
534,10.00,109
534,14.70,111
534,8.00,112
534,7.00,118
534,10.00,120
534,13.00,126
534,10.00,128
534,12.00,133
534,22.00,138
534,10.00,146
534,7.00,148
534,0.00,151
534,7.00,157
534,5.00,160
534,12.00,162
534,7.00,165
534,26.00,167
534,15.00,171
535,0.00,44
535,8.50,49
535,10.00,57
535,10.50,62
535,8.00,66
535,13.00,70
535,10.00,75
535,10.00,77
535,9.00,78
535,7.00,83
535,10.00,85
535,11.34,91
535,9.29,93
535,4.76,95
535,19.50,97
535,10.00,107
535,10.00,109
535,23.44,111
535,8.00,112
535,8.00,114
535,5.00,118
535,10.00,120
535,18.23,122
535,13.00,126
535,12.00,128
535,10.00,133
535,11.00,138
535,6.00,146
535,5.00,148
535,5.00,151
535,7.00,152
535,8.00,157
535,6.00,160
535,10.00,162
535,7.00,165
535,26.00,167
535,40.00,171
536,0.00,44
536,9.00,49
536,6.00,57
536,13.00,62
536,8.50,66
536,7.00,70
536,11.00,75
536,10.00,77
536,7.00,78
536,5.00,83
536,11.00,91
536,0.00,93
536,36.00,97
536,30.00,106
536,0.00,109
536,37.39,111
536,8.00,112
536,9.00,114
536,7.00,118
536,10.00,120
536,33.90,122
536,0.00,123
536,13.00,126
536,10.00,128
536,21.00,133
536,19.00,138
536,0.00,139
536,0.00,144
536,6.00,146
536,6.00,148
536,5.00,151
536,7.00,152
536,4.00,157
536,4.00,160
536,11.00,162
536,6.00,165
536,28.00,167
536,49.00,171
537,0.00,44
537,9.00,49
537,9.00,57
537,0.00,60
537,6.00,62
537,8.00,66
537,10.00,70
537,10.00,75
537,10.00,77
537,5.00,78
537,7.00,83
537,10.00,91
537,0.00,93
537,0.00,95
537,35.00,97
537,10.82,111
537,8.00,112
537,21.00,122
537,13.00,126
537,5.00,128
537,20.00,133
537,16.00,138
537,9.00,146
537,6.00,148
537,5.00,151
537,5.00,152
537,8.00,157
537,6.00,160
537,11.00,162
537,37.00,171
538,2.00,44
538,8.50,49
538,9.00,57
538,0.00,60
538,12.50,62
538,0.00,64
538,9.00,66
538,11.00,70
538,11.00,75
538,10.00,77
538,7.00,78
538,5.00,83
538,10.00,85
538,14.34,91
538,10.00,93
538,9.52,95
538,37.50,97
538,10.00,99
538,22.00,106
538,10.00,107
538,0.00,109
538,29.69,111
538,8.00,112
538,7.00,114
538,10.00,118
538,10.00,120
538,33.97,122
538,0.00,123
538,13.00,126
538,12.00,128
538,29.00,133
538,19.00,138
538,0.00,139
538,6.00,148
538,5.00,151
538,7.00,152
538,6.00,157
538,0.00,159
538,4.00,160
538,10.00,162
538,8.00,165
538,32.00,167
538,39.00,171
539,0.00,44
539,9.00,49
539,8.00,57
539,12.50,62
539,6.50,66
539,10.00,70
539,6.00,75
539,9.00,77
539,5.00,78
539,6.00,83
539,10.00,85
539,8.00,91
539,0.00,93
539,30.00,97
539,10.00,99
539,23.00,106
539,30.33,111
539,8.00,112
539,7.00,114
539,4.00,118
539,29.45,122
539,0.00,123
539,12.00,126
539,9.00,128
539,24.00,133
539,25.00,138
539,6.00,148
539,0.00,151
539,3.00,152
539,6.00,162
539,43.00,171
540,0.00,44
540,8.50,49
540,7.00,57
540,0.00,60
540,12.50,62
540,0.00,64
540,9.50,66
540,11.00,70
540,10.00,75
540,10.00,77
540,6.00,78
540,7.00,83
540,0.00,85
540,15.34,91
540,0.00,93
540,0.00,95
540,38.00,97
540,10.00,99
540,30.00,106
540,10.00,107
540,0.00,109
540,32.79,111
540,8.00,112
540,9.00,114
540,32.95,122
540,13.00,126
540,9.00,128
540,24.00,133
540,21.00,138
540,9.00,146
540,7.00,148
540,5.00,151
540,7.00,152
540,7.00,157
540,0.00,159
540,0.00,160
540,6.00,162
540,4.00,165
540,23.00,167
540,39.00,171
541,9.00,44
541,8.00,49
541,10.00,57
541,2.00,60
541,12.00,62
541,0.00,64
541,9.00,66
541,8.00,70
541,11.00,75
541,10.00,77
541,9.00,78
541,6.00,83
541,10.00,85
541,15.00,91
541,0.00,93
541,0.00,95
541,34.00,97
541,10.00,99
541,28.00,106
541,10.00,107
541,10.00,109
541,29.24,111
541,8.00,112
541,9.00,114
541,0.00,120
541,26.93,122
541,13.00,126
541,9.00,128
541,11.00,133
541,25.00,138
541,10.00,146
541,6.00,148
541,5.00,151
541,7.00,152
541,9.00,157
541,6.00,160
541,12.00,162
541,10.00,165
541,26.00,167
541,36.00,171
542,5.00,44
542,9.00,49
542,9.00,57
542,1.00,60
542,12.00,62
542,0.00,64
542,9.50,66
542,10.00,70
542,8.00,75
542,9.00,77
542,3.00,78
542,5.00,83
542,10.00,85
542,6.34,91
542,10.00,93
542,5.24,95
542,37.00,97
542,0.00,99
542,19.00,106
542,10.00,107
542,0.00,109
542,33.37,111
542,8.00,112
542,6.00,118
542,10.00,120
542,13.00,126
542,7.00,133
542,25.00,138
542,8.00,146
542,4.00,148
542,2.00,151
542,6.00,152
542,6.00,157
542,2.00,165
542,26.00,167
542,38.00,171
543,0.00,44
543,10.00,57
543,0.00,60
543,6.00,62
543,8.50,66
543,12.00,70
543,13.00,75
543,8.00,77
543,6.00,78
543,10.00,83
543,0.00,85
543,15.00,91
543,0.00,93
543,0.00,95
543,31.00,97
543,0.00,99
543,24.00,106
543,27.06,111
543,8.00,112
543,9.00,114
543,20.37,122
543,11.00,126
543,10.00,128
543,5.00,133
543,22.00,138
543,10.00,146
543,5.00,148
543,4.00,151
543,5.00,152
543,6.00,157
543,8.00,165
543,32.00,167
543,26.00,171
544,3.00,44
544,8.00,49
544,9.00,57
544,0.00,60
544,12.00,62
544,1.00,64
544,7.00,66
544,11.00,70
544,9.00,75
544,10.00,77
544,9.00,78
544,7.00,83
544,0.00,85
544,14.00,91
544,0.00,93
544,0.00,95
544,31.00,97
544,0.00,99
544,28.00,106
544,10.00,107
544,0.00,109
544,31.20,111
544,8.00,112
544,9.00,114
544,10.00,120
544,31.86,122
544,0.00,123
544,13.00,126
544,10.00,128
544,22.00,133
544,17.00,138
544,10.00,146
544,7.00,148
544,5.00,151
544,7.00,152
544,4.00,157
544,0.00,159
544,7.00,160
544,11.00,162
544,10.00,165
544,36.00,167
544,30.00,171
545,6.00,57
545,3.50,62
545,5.50,66
545,7.00,70
545,8.00,75
545,5.00,77
545,10.01,91
545,2.86,93
545,32.00,97
545,10.00,99
545,20.00,106
545,0.00,109
545,8.00,112
545,13.00,126
545,10.00,128
545,28.00,133
545,19.00,138
545,0.00,144
545,10.00,146
545,3.00,148
545,5.00,151
545,6.00,152
545,2.00,157
545,7.00,162
545,29.00,171
546,0.00,44
546,7.50,49
546,10.00,57
546,13.00,70
546,12.00,75
546,8.00,78
546,0.00,85
546,11.00,91
546,0.00,93
546,0.00,95
546,9.50,97
546,10.00,107
546,0.00,109
546,27.34,111
546,8.00,112
546,9.00,114
546,7.00,118
546,10.00,126
546,12.00,128
546,1.00,133
546,16.00,138
546,5.00,146
546,6.00,148
546,5.00,151
546,4.00,152
546,6.00,160
546,7.00,162
546,32.00,171
547,0.00,44
547,10.00,57
547,12.50,62
547,10.00,66
547,13.00,70
547,9.00,75
547,7.00,83
547,0.00,85
547,12.00,91
547,0.00,95
547,29.00,97
547,0.00,109
547,25.27,111
547,8.00,112
547,0.00,120
547,13.00,126
547,10.00,128
547,36.00,133
547,25.00,138
547,0.00,139
547,9.00,146
547,5.00,148
547,5.00,151
547,7.00,152
547,4.00,160
547,11.00,162
547,43.00,171
548,5.00,44
548,8.50,49
548,8.00,57
548,0.00,60
548,13.00,62
548,0.00,64
548,10.00,66
548,8.00,70
548,5.00,75
548,10.00,77
548,9.00,78
548,7.00,83
548,10.00,85
548,10.01,91
548,9.29,93
548,7.62,95
548,39.00,97
548,10.00,99
548,26.00,106
548,10.00,107
548,0.00,109
548,37.84,111
548,8.00,112
548,9.00,114
548,7.00,118
548,10.00,120
548,0.00,123
548,13.00,126
548,11.00,128
548,34.00,133
548,25.00,138
548,0.00,139
548,10.00,146
548,7.00,148
548,7.00,152
548,6.00,157
548,7.00,160
548,12.00,162
548,8.00,165
548,32.00,167
548,45.00,171
